dc.identifier.uri	dc.source.uri	dc.creator	dc.relation
https://hdl.handle.net/10794/3	https://spraakbanken.gu.se/swe/resurs/saldo	Borin, Lars;Lönngren, Lennart;Forsberg, Markus	
https://hdl.handle.net/10794/4	https://spraakbanken.gu.se/swe/resurs/saldo	Borin, Lars;Lönngren, Lennart;Forsberg, Markus	https://hdl.handle.net/10794/5
https://hdl.handle.net/10794/5	https://spraakbanken.gu.se/swe/resurs/saldo	Borin, Lars;Lönngren, Lennart;Forsberg, Markus	https://hdl.handle.net/10794/4
https://hdl.handle.net/10794/6	https://spraakbanken.gu.se/swe/resurs/lag1734	n/a, n/a	
https://hdl.handle.net/10794/7	https://spraakbanken.gu.se/swe/resurs/attasidor	n/a, n/a	
https://hdl.handle.net/10794/8	https://spraakbanken.gu.se/swe/resurs/somali-1971-79	n/a, n/a	
https://hdl.handle.net/10794/9	https://spraakbanken.gu.se/swe/resurs/blingbring	Borin, Lars	
https://hdl.handle.net/10794/10	https://spraakbanken.gu.se/swe/resurs/bliss	n/a, n/a	
https://hdl.handle.net/10794/11	https://spraakbanken.gu.se/swe/resurs/somali-2001	n/a, n/a	
https://hdl.handle.net/10794/12	https://spraakbanken.gu.se/swe/resurs/ao	n/a, n/a	
https://hdl.handle.net/10794/13	https://spraakbanken.gu.se/swe/resurs/blisschar	n/a, n/a	
https://hdl.handle.net/10794/14	https://spraakbanken.gu.se/swe/resurs/blissword	n/a, n/a	
https://hdl.handle.net/10794/15	https://spraakbanken.gu.se/swe/resurs/bring	Borin, Lars;Allwood, Jens	
https://hdl.handle.net/10794/16	https://spraakbanken.gu.se/swe/resurs/dalin	n/a, n/a	
https://hdl.handle.net/10794/17	https://spraakbanken.gu.se/swe/resurs/kubhist-aftonbladet-1830	n/a, n/a	
https://hdl.handle.net/10794/18	https://spraakbanken.gu.se/swe/resurs/kubhist-aftonbladet-1840	n/a, n/a	
https://hdl.handle.net/10794/19	https://spraakbanken.gu.se/swe/resurs/kubhist-aftonbladet-1850	n/a, n/a	
https://hdl.handle.net/10794/20	https://spraakbanken.gu.se/swe/resurs/kubhist-aftonbladet-1860	n/a, n/a	
https://hdl.handle.net/10794/21	https://spraakbanken.gu.se/swe/resurs/dalin-base	n/a, n/a	
https://hdl.handle.net/10794/22	https://spraakbanken.gu.se/swe/resurs/dalinm	n/a, n/a	
https://hdl.handle.net/10794/23	https://spraakbanken.gu.se/swe/resurs/diapivot	n/a, n/a	
https://hdl.handle.net/10794/24	https://spraakbanken.gu.se/swe/resurs/konstruktikon-multi	n/a, n/a	
https://hdl.handle.net/10794/25	https://spraakbanken.gu.se/swe/resurs/fsvm	n/a, n/a	
https://hdl.handle.net/10794/26	https://spraakbanken.gu.se/swe/resurs/hellqvist	n/a, n/a	
https://hdl.handle.net/10794/27	https://spraakbanken.gu.se/swe/resurs/neo-idiom	n/a, n/a	
https://hdl.handle.net/10794/28	https://spraakbanken.gu.se/swe/resurs/kelly	n/a, n/a	
https://hdl.handle.net/10794/29	https://spraakbanken.gu.se/swe/resurs/konstruktikon	n/a, n/a	
https://hdl.handle.net/10794/30	https://spraakbanken.gu.se/swe/resurs/lwt	n/a, n/a	
https://hdl.handle.net/10794/31	https://spraakbanken.gu.se/swe/resurs/lwt-pwn	Borin, Lars	
https://hdl.handle.net/10794/32	https://spraakbanken.gu.se/swe/resurs/parolelex	n/a, n/a	
https://hdl.handle.net/10794/33	https://spraakbanken.gu.se/swe/resurs/parolelexplus	n/a, n/a	
https://hdl.handle.net/10794/34	https://spraakbanken.gu.se/swe/resurs/konstruktikon-rus	n/a, n/a	
https://hdl.handle.net/10794/35	https://spraakbanken.gu.se/swe/resurs/saldoe	n/a, n/a	
https://hdl.handle.net/10794/36	https://spraakbanken.gu.se/swe/resurs/saldom	n/a, n/a	
https://hdl.handle.net/10794/37	https://spraakbanken.gu.se/swe/resurs/schlyter	n/a, n/a	
https://hdl.handle.net/10794/38	https://spraakbanken.gu.se/swe/resurs/simple	n/a, n/a	
https://hdl.handle.net/10794/39	https://spraakbanken.gu.se/swe/resurs/simpleplus	n/a, n/a	
https://hdl.handle.net/10794/40	https://spraakbanken.gu.se/swe/resurs/lexin	n/a, n/a	
https://hdl.handle.net/10794/41	https://spraakbanken.gu.se/swe/resurs/swefn	n/a, n/a	
https://hdl.handle.net/10794/42	https://spraakbanken.gu.se/swe/resurs/swedberg	n/a, n/a	
https://hdl.handle.net/10794/43	https://spraakbanken.gu.se/swe/resurs/swedbergm	n/a, n/a	
https://hdl.handle.net/10794/44	https://spraakbanken.gu.se/swe/resurs/swesaurus	n/a, n/a	
https://hdl.handle.net/10794/45	https://spraakbanken.gu.se/swe/resurs/soederwall	n/a, n/a	
https://hdl.handle.net/10794/46	https://spraakbanken.gu.se/swe/resurs/soederwall-supp	n/a, n/a	
https://hdl.handle.net/10794/47	https://spraakbanken.gu.se/swe/resurs/wordnet-saldo	n/a, n/a	
https://hdl.handle.net/10794/48	https://spraakbanken.gu.se/swe/resurs/vocation-list	n/a, n/a	
https://hdl.handle.net/10794/49	https://spraakbanken.gu.se/swe/resurs/sweachum	n/a, n/a	
https://hdl.handle.net/10794/50	https://spraakbanken.gu.se/swe/resurs/sweacsam	n/a, n/a	
https://hdl.handle.net/10794/51	https://spraakbanken.gu.se/swe/resurs/aspacsv	n/a, n/a	
https://hdl.handle.net/10794/52	https://spraakbanken.gu.se/swe/resurs/aspacsvbg	n/a, n/a	
https://hdl.handle.net/10794/53	https://spraakbanken.gu.se/swe/resurs/aspacsven	n/a, n/a	
https://hdl.handle.net/10794/54	https://spraakbanken.gu.se/swe/resurs/aspacsvfr	n/a, n/a	
https://hdl.handle.net/10794/55	https://spraakbanken.gu.se/swe/resurs/aspacsvel	n/a, n/a	
https://hdl.handle.net/10794/56	https://spraakbanken.gu.se/swe/resurs/aspacsvhsb	n/a, n/a	
https://hdl.handle.net/10794/57	https://spraakbanken.gu.se/swe/resurs/aspacsvit	n/a, n/a	
https://hdl.handle.net/10794/58	https://spraakbanken.gu.se/swe/resurs/aspacsvhr	n/a, n/a	
https://hdl.handle.net/10794/59	https://spraakbanken.gu.se/swe/resurs/aspacsvla	n/a, n/a	
https://hdl.handle.net/10794/60	https://spraakbanken.gu.se/swe/resurs/aspacsvdsb	n/a, n/a	
https://hdl.handle.net/10794/61	https://spraakbanken.gu.se/swe/resurs/aspacsvmk	n/a, n/a	
https://hdl.handle.net/10794/62	https://spraakbanken.gu.se/swe/resurs/aspacsvsvm	n/a, n/a	
https://hdl.handle.net/10794/63	https://spraakbanken.gu.se/swe/resurs/aspacsvnl	n/a, n/a	
https://hdl.handle.net/10794/64	https://spraakbanken.gu.se/swe/resurs/aspacsvpl	n/a, n/a	
https://hdl.handle.net/10794/65	https://spraakbanken.gu.se/swe/resurs/aspacsvpt	n/a, n/a	
https://hdl.handle.net/10794/66	https://spraakbanken.gu.se/swe/resurs/aspacsvro	n/a, n/a	
https://hdl.handle.net/10794/67	https://spraakbanken.gu.se/swe/resurs/aspacsvru	n/a, n/a	
https://hdl.handle.net/10794/68	https://spraakbanken.gu.se/swe/resurs/aspacsvsbc	n/a, n/a	
https://hdl.handle.net/10794/69	https://spraakbanken.gu.se/swe/resurs/aspacsvsr	n/a, n/a	
https://hdl.handle.net/10794/70	https://spraakbanken.gu.se/swe/resurs/aspacsvsk	n/a, n/a	
https://hdl.handle.net/10794/71	https://spraakbanken.gu.se/swe/resurs/aspacsvsl	n/a, n/a	
https://hdl.handle.net/10794/72	https://spraakbanken.gu.se/swe/resurs/aspacsves	n/a, n/a	
https://hdl.handle.net/10794/73	https://spraakbanken.gu.se/swe/resurs/aspacsvcs	n/a, n/a	
https://hdl.handle.net/10794/74	https://spraakbanken.gu.se/swe/resurs/aspacsvtk	n/a, n/a	
https://hdl.handle.net/10794/75	https://spraakbanken.gu.se/swe/resurs/aspacsvde	n/a, n/a	
https://hdl.handle.net/10794/76	https://spraakbanken.gu.se/swe/resurs/aspacsvuk	n/a, n/a	
https://hdl.handle.net/10794/77	https://spraakbanken.gu.se/swe/resurs/aspacsvbe	n/a, n/a	
https://hdl.handle.net/10794/78	https://spraakbanken.gu.se/swe/resurs/strindbergbrev	Dahlbäck, Kerstin	
https://hdl.handle.net/10794/79	https://spraakbanken.gu.se/swe/resurs/strindbergromaner	n/a, n/a	
https://hdl.handle.net/10794/80	https://spraakbanken.gu.se/swe/resurs/one71	n/a, n/a	
https://hdl.handle.net/10794/81	https://spraakbanken.gu.se/swe/resurs/pe77	n/a, n/a	
https://hdl.handle.net/10794/82	https://spraakbanken.gu.se/swe/resurs/bellman	n/a, n/a	
https://hdl.handle.net/10794/83	https://spraakbanken.gu.se/swe/resurs/rd-bet	n/a, n/a	
https://hdl.handle.net/10794/84	https://spraakbanken.gu.se/swe/resurs/betankande	n/a, n/a	
https://hdl.handle.net/10794/85	https://spraakbanken.gu.se/swe/resurs/bibel1873dalin	n/a, n/a	
https://hdl.handle.net/10794/86	https://spraakbanken.gu.se/swe/resurs/bibel1917	n/a, n/a	
https://hdl.handle.net/10794/87	https://spraakbanken.gu.se/swe/resurs/runeberg-biblblad	n/a, n/a	https://hdl.handle.net/10794/754
https://hdl.handle.net/10794/88	https://spraakbanken.gu.se/swe/resurs/kubhist-blekingsposten-1850	n/a, n/a	
https://hdl.handle.net/10794/89	https://spraakbanken.gu.se/swe/resurs/kubhist-blekingsposten-1860	n/a, n/a	
https://hdl.handle.net/10794/90	https://spraakbanken.gu.se/swe/resurs/kubhist-blekingsposten-1870	n/a, n/a	
https://hdl.handle.net/10794/91	https://spraakbanken.gu.se/swe/resurs/kubhist-blekingsposten-1880	n/a, n/a	
https://hdl.handle.net/10794/92	https://spraakbanken.gu.se/swe/resurs/bloggmix1998	n/a, n/a	
https://hdl.handle.net/10794/93	https://spraakbanken.gu.se/swe/resurs/bloggmix1999	n/a, n/a	
https://hdl.handle.net/10794/94	https://spraakbanken.gu.se/swe/resurs/bloggmix2000	n/a, n/a	
https://hdl.handle.net/10794/95	https://spraakbanken.gu.se/swe/resurs/bloggmix2001	n/a, n/a	
https://hdl.handle.net/10794/96	https://spraakbanken.gu.se/swe/resurs/bloggmix2002	n/a, n/a	
https://hdl.handle.net/10794/97	https://spraakbanken.gu.se/swe/resurs/bloggmix2003	n/a, n/a	
https://hdl.handle.net/10794/98	https://spraakbanken.gu.se/swe/resurs/bloggmix2004	n/a, n/a	
https://hdl.handle.net/10794/99	https://spraakbanken.gu.se/swe/resurs/bloggmix2005	n/a, n/a	
https://hdl.handle.net/10794/100	https://spraakbanken.gu.se/swe/resurs/bloggmix2006	n/a, n/a	
https://hdl.handle.net/10794/101	https://spraakbanken.gu.se/swe/resurs/bloggmix2007	n/a, n/a	
https://hdl.handle.net/10794/102	https://spraakbanken.gu.se/swe/resurs/bloggmix2008	n/a, n/a	
https://hdl.handle.net/10794/103	https://spraakbanken.gu.se/swe/resurs/bloggmix2009	n/a, n/a	
https://hdl.handle.net/10794/104	https://spraakbanken.gu.se/swe/resurs/bloggmix2010	n/a, n/a	
https://hdl.handle.net/10794/105	https://spraakbanken.gu.se/swe/resurs/bloggmix2011	n/a, n/a	
https://hdl.handle.net/10794/106	https://spraakbanken.gu.se/swe/resurs/bloggmix2012	n/a, n/a	
https://hdl.handle.net/10794/107	https://spraakbanken.gu.se/swe/resurs/bloggmix2013	n/a, n/a	
https://hdl.handle.net/10794/108	https://spraakbanken.gu.se/swe/resurs/bloggmix2014	n/a, n/a	
https://hdl.handle.net/10794/109	https://spraakbanken.gu.se/swe/resurs/bloggmix2015	n/a, n/a	
https://hdl.handle.net/10794/110	https://spraakbanken.gu.se/swe/resurs/bloggmixodat	n/a, n/a	
https://hdl.handle.net/10794/111	https://spraakbanken.gu.se/swe/resurs/kubhist-bollnastidning-1870	n/a, n/a	
https://hdl.handle.net/10794/112	https://spraakbanken.gu.se/swe/resurs/kubhist-bollnastidning-1880	n/a, n/a	
https://hdl.handle.net/10794/113	https://spraakbanken.gu.se/swe/resurs/bloggmix2016	n/a, n/a;n/a, n/a	
https://hdl.handle.net/10794/114	https://spraakbanken.gu.se/swe/resurs/bloggmix2017	n/a, n/a	
https://hdl.handle.net/10794/115	https://spraakbanken.gu.se/swe/resurs/romi	n/a, n/a	
https://hdl.handle.net/10794/116	https://spraakbanken.gu.se/swe/resurs/romii	n/a, n/a	
https://hdl.handle.net/10794/117	https://spraakbanken.gu.se/eng/resource/somali-cilmi	n/a, n/a	
https://hdl.handle.net/10794/118	https://spraakbanken.gu.se/eng/resource/somali-cb	n/a, n/a	
https://hdl.handle.net/10794/119		Dannélls, Dana;Olsson, Leif-Jöran	
https://hdl.handle.net/10794/120	https://spraakbanken.gu.se/en/resources/lasbart	n/a, n/a	
https://hdl.handle.net/10794/121		Ahrenberg, Lars;Frid, Johan;Olsson, Leif-Jöran	
https://hdl.handle.net/10794/122	https://spraakbanken.gu.se/en/resources/kubhist2-goteborgsweckoblad-1890	n/a, n/a	
https://hdl.handle.net/10794/123	https://spraakbanken.gu.se/en/resources/kubhist2-goteborgsweckoblad-1870	n/a, n/a	
https://hdl.handle.net/10794/124	https://spraakbanken.gu.se/en/resources/kubhist2-goteborgsweckoblad-1880	n/a, n/a	
https://hdl.handle.net/10794/125	https://spraakbanken.gu.se/en/resources/kubhist2-goteborgsposten-1850	n/a, n/a	
https://hdl.handle.net/10794/126	https://spraakbanken.gu.se/en/resources/kubhist2-goteborgsposten-1860	n/a, n/a	
https://hdl.handle.net/10794/127	https://spraakbanken.gu.se/en/resources/kubhist2-goteborgsposten-1870	n/a, n/a	
https://hdl.handle.net/10794/128	https://spraakbanken.gu.se/en/resources/kubhist2-goteborgsposten-1880	n/a, n/a	
https://hdl.handle.net/10794/129	https://spraakbanken.gu.se/en/resources/kubhist2-goteborgsposten-1890	n/a, n/a	
https://hdl.handle.net/10794/130	https://spraakbanken.gu.se/en/resources/coctaill	n/a, n/a	
https://hdl.handle.net/10794/131	https://spraakbanken.gu.se/en/resources/cor92	n/a, n/a	
https://hdl.handle.net/10794/132	https://spraakbanken.gu.se/en/resources/dagbladet1866-1886	n/a, n/a	
https://hdl.handle.net/10794/133	https://spraakbanken.gu.se/en/resources/dagbocker1700tal	n/a, n/a	
https://hdl.handle.net/10794/134	https://spraakbanken.gu.se/en/resources/dagbocker1800-1849	n/a, n/a	
https://hdl.handle.net/10794/135	https://spraakbanken.gu.se/en/resources/dagbocker1900-1949	n/a, n/a	
https://hdl.handle.net/10794/136	https://spraakbanken.gu.se/lb/resurser/meningsmangder/datasetDaLAJsplit.csv	n/a, n/a	
https://hdl.handle.net/10794/137	https://spraakbanken.gu.se/en/resources/dalin-then-swaanska-argus-1732-1734	n/a, n/a	
https://hdl.handle.net/10794/138	https://spraakbanken.gu.se/en/resources/da	n/a, n/a	
https://hdl.handle.net/10794/139	https://spraakbanken.gu.se/en/resources/diabetolog	n/a, n/a	
https://hdl.handle.net/10794/140	https://spraakbanken.gu.se/en/resources/dn1987	n/a, n/a	
https://hdl.handle.net/10794/141	https://spraakbanken.gu.se/en/resources/drama	n/a, n/a	
https://hdl.handle.net/10794/142	https://spraakbanken.gu.se/en/resources/dream-cr	n/a, n/a	
https://hdl.handle.net/10794/143	https://spraakbanken.gu.se/en/resources/dream	n/a, n/a	
https://hdl.handle.net/10794/144	https://spraakbanken.gu.se/en/resources/eddan	n/a, n/a	
https://hdl.handle.net/10794/145	https://spraakbanken.gu.se/en/resources/ekeblad	n/a, n/a	
https://hdl.handle.net/10794/146	https://spraakbanken.gu.se/en/resources/espc	n/a, n/a	
https://hdl.handle.net/10794/147	https://spraakbanken.gu.se/en/resources/eukalyptus	n/a, n/a	
https://hdl.handle.net/10794/148	https://spraakbanken.gu.se/en/resources/europarl-svda	n/a, n/a	
https://hdl.handle.net/10794/149	https://spraakbanken.gu.se/en/resources/europarl-svde	n/a, n/a	
https://hdl.handle.net/10794/150	https://spraakbanken.gu.se/en/resources/europarl-svel	n/a, n/a	
https://hdl.handle.net/10794/151	https://spraakbanken.gu.se/en/resources/europarl-sven	n/a, n/a	
https://hdl.handle.net/10794/152	https://spraakbanken.gu.se/en/resources/europarl-sves	n/a, n/a	
https://hdl.handle.net/10794/153	https://spraakbanken.gu.se/en/resources/europarl-svfi	n/a, n/a	
https://hdl.handle.net/10794/154	https://spraakbanken.gu.se/en/resources/europarl-svfr	n/a, n/a	
https://hdl.handle.net/10794/155	https://spraakbanken.gu.se/en/resources/europarl-svit	n/a, n/a	
https://hdl.handle.net/10794/156	https://spraakbanken.gu.se/en/resources/europarl-svnl	n/a, n/a	
https://hdl.handle.net/10794/157	https://spraakbanken.gu.se/en/resources/europarl-svpt	n/a, n/a	
https://hdl.handle.net/10794/158	https://spraakbanken.gu.se/en/resources/europarl-sv	n/a, n/a	
https://hdl.handle.net/10794/159	https://spraakbanken.gu.se/en/resources/euterpe	n/a, n/a	
https://hdl.handle.net/10794/160	https://spraakbanken.gu.se/en/resources/familjeliv-adoption	n/a, n/a	
https://hdl.handle.net/10794/161	https://spraakbanken.gu.se/en/resources/familjeliv-allmanna-ekonomi	n/a, n/a	
https://hdl.handle.net/10794/162	https://spraakbanken.gu.se/en/resources/familjeliv-allmanna-familjeliv	n/a, n/a	
https://hdl.handle.net/10794/163	https://spraakbanken.gu.se/en/resources/familjeliv-allmanna-fritid	n/a, n/a	
https://hdl.handle.net/10794/164	https://spraakbanken.gu.se/en/resources/familjeliv-allmanna-husdjur	n/a, n/a	
https://hdl.handle.net/10794/165	https://spraakbanken.gu.se/en/resources/familjeliv-allmanna-hushem	n/a, n/a	
https://hdl.handle.net/10794/166	https://spraakbanken.gu.se/en/resources/familjeliv-allmanna-kropp	n/a, n/a	
https://hdl.handle.net/10794/167	https://spraakbanken.gu.se/en/resources/familjeliv-allmanna-noje	n/a, n/a	
https://hdl.handle.net/10794/168	https://spraakbanken.gu.se/en/resources/familjeliv-allmanna-samhalle	n/a, n/a	
https://hdl.handle.net/10794/169	https://spraakbanken.gu.se/en/resources/familjeliv-allmanna-sandladan	n/a, n/a	
https://hdl.handle.net/10794/170	https://spraakbanken.gu.se/en/resources/familjeliv-anglarum	n/a, n/a	
https://hdl.handle.net/10794/171	https://spraakbanken.gu.se/en/resources/familjeliv-expert	n/a, n/a	
https://hdl.handle.net/10794/172	https://spraakbanken.gu.se/en/resources/familjeliv-foralder	n/a, n/a	
https://hdl.handle.net/10794/173	https://spraakbanken.gu.se/en/resources/familjeliv-gravid	n/a, n/a	
https://hdl.handle.net/10794/174	https://spraakbanken.gu.se/en/resources/familjeliv-kansliga	n/a, n/a	
https://hdl.handle.net/10794/175	https://spraakbanken.gu.se/en/resources/familjeliv-medlem-allmanna	n/a, n/a	
https://hdl.handle.net/10794/176	https://spraakbanken.gu.se/en/resources/familjeliv-medlem-foraldrar	n/a, n/a	
https://hdl.handle.net/10794/177	https://spraakbanken.gu.se/en/resources/familjeliv-medlem-planerarbarn	n/a, n/a	
https://hdl.handle.net/10794/178	https://spraakbanken.gu.se/en/resources/familjeliv-medlem-vantarbarn	n/a, n/a	
https://hdl.handle.net/10794/179	https://spraakbanken.gu.se/en/resources/familjeliv-pappagrupp	n/a, n/a	
https://hdl.handle.net/10794/180	https://spraakbanken.gu.se/en/resources/familjeliv-planerarbarn	n/a, n/a	
https://hdl.handle.net/10794/181	https://spraakbanken.gu.se/en/resources/familjeliv-sexsamlevnad	n/a, n/a	
https://hdl.handle.net/10794/182	https://spraakbanken.gu.se/en/resources/familjeliv-svartattfabarn	n/a, n/a	
https://hdl.handle.net/10794/183	https://spraakbanken.gu.se/en/resources/fanbararen	n/a, n/a	
https://hdl.handle.net/10794/184	https://spraakbanken.gu.se/en/resources/faq	n/a, n/a	
https://hdl.handle.net/10794/185	https://spraakbanken.gu.se/en/resources/filosofia1850-1899	n/a, n/a	
https://hdl.handle.net/10794/186	https://spraakbanken.gu.se/en/resources/filosofia1900-1959	n/a, n/a	
https://hdl.handle.net/10794/187	https://spraakbanken.gu.se/en/resources/finsktidskrift1800tal	n/a, n/a	
https://hdl.handle.net/10794/188	https://spraakbanken.gu.se/en/resources/finsktidskrift1900tal	n/a, n/a	
https://hdl.handle.net/10794/189	https://spraakbanken.gu.se/en/resources/finsktidskrift	n/a, n/a	
https://hdl.handle.net/10794/190	https://spraakbanken.gu.se/en/resources/flashback-dator	n/a, n/a	
https://hdl.handle.net/10794/191	https://spraakbanken.gu.se/en/resources/flashback-droger	n/a, n/a	
https://hdl.handle.net/10794/192	https://spraakbanken.gu.se/en/resources/flashback-ekonomi	n/a, n/a	
https://hdl.handle.net/10794/193	https://spraakbanken.gu.se/en/resources/flashback-flashback	n/a, n/a	
https://hdl.handle.net/10794/194	https://spraakbanken.gu.se/en/resources/flashback-fordon	n/a, n/a	
https://hdl.handle.net/10794/195	https://spraakbanken.gu.se/en/resources/flashback-hem	n/a, n/a	
https://hdl.handle.net/10794/196	https://spraakbanken.gu.se/en/resources/flashback-kultur	n/a, n/a	
https://hdl.handle.net/10794/197	https://spraakbanken.gu.se/en/resources/flashback-livsstil	n/a, n/a	
https://hdl.handle.net/10794/198	https://spraakbanken.gu.se/en/resources/flashback-mat	n/a, n/a	
https://hdl.handle.net/10794/199	https://spraakbanken.gu.se/en/resources/flashback-ovrigt	n/a, n/a	
https://hdl.handle.net/10794/200	https://spraakbanken.gu.se/en/resources/flashback-politik	n/a, n/a	
https://hdl.handle.net/10794/201	https://spraakbanken.gu.se/en/resources/flashback-resor	n/a, n/a	
https://hdl.handle.net/10794/202	https://spraakbanken.gu.se/en/resources/flashback-samhalle	n/a, n/a	
https://hdl.handle.net/10794/203	https://spraakbanken.gu.se/en/resources/flashback-sex	n/a, n/a	
https://hdl.handle.net/10794/204	https://spraakbanken.gu.se/en/resources/flashback-sport	n/a, n/a	
https://hdl.handle.net/10794/205	https://spraakbanken.gu.se/en/resources/flashback-vetenskap	n/a, n/a	
https://hdl.handle.net/10794/206	https://spraakbanken.gu.se/en/resources/fnb1999	n/a, n/a	
https://hdl.handle.net/10794/207	https://spraakbanken.gu.se/en/resources/fnb2000	n/a, n/a	
https://hdl.handle.net/10794/208	https://spraakbanken.gu.se/en/resources/fof	n/a, n/a	
https://hdl.handle.net/10794/209	https://spraakbanken.gu.se/en/resources/forarbeten1734	n/a, n/a	
https://hdl.handle.net/10794/210	https://spraakbanken.gu.se/en/resources/forhor	n/a, n/a	
https://hdl.handle.net/10794/211	https://spraakbanken.gu.se/en/resources/forumfeot	n/a, n/a	
https://hdl.handle.net/10794/212	https://spraakbanken.gu.se/en/resources/fragelistor	n/a, n/a	
https://hdl.handle.net/10794/213	https://spraakbanken.gu.se/en/resources/fredrikshamnstidning	n/a, n/a	
https://hdl.handle.net/10794/214	https://spraakbanken.gu.se/en/resources/fsbbloggvuxna	n/a, n/a	
https://hdl.handle.net/10794/215	https://spraakbanken.gu.se/en/resources/fsbbrev1700tal	n/a, n/a	
https://hdl.handle.net/10794/216	https://spraakbanken.gu.se/en/resources/fsbbrev1800-1849	n/a, n/a	
https://hdl.handle.net/10794/217	https://spraakbanken.gu.se/en/resources/fsbbrev1850-1899	n/a, n/a	
https://hdl.handle.net/10794/218	https://spraakbanken.gu.se/en/resources/fsbbrev1900tal	n/a, n/a	
https://hdl.handle.net/10794/219	https://spraakbanken.gu.se/en/resources/fsbessaistik	n/a, n/a	
https://hdl.handle.net/10794/220	https://spraakbanken.gu.se/en/resources/fsbmyndighet1800tal	n/a, n/a	
https://hdl.handle.net/10794/221	https://spraakbanken.gu.se/en/resources/fsbsakprosa	n/a, n/a	
https://hdl.handle.net/10794/222	https://spraakbanken.gu.se/en/resources/fsbskonlit1800-1849	n/a, n/a	
https://hdl.handle.net/10794/223	https://spraakbanken.gu.se/en/resources/fsbskonlit1850-1899	n/a, n/a	
https://hdl.handle.net/10794/224	https://spraakbanken.gu.se/en/resources/fsbskonlit1900-1959	n/a, n/a	
https://hdl.handle.net/10794/225	https://spraakbanken.gu.se/en/resources/fsbskonlit1960-1999	n/a, n/a	
https://hdl.handle.net/10794/226	https://spraakbanken.gu.se/en/resources/fsbskonlit2000tal	n/a, n/a	
https://hdl.handle.net/10794/227	https://spraakbanken.gu.se/en/resources/fsv-aldrelagar	n/a, n/a	
https://hdl.handle.net/10794/228	https://spraakbanken.gu.se/en/resources/fsv-aldrereligiosprosa	n/a, n/a	
https://hdl.handle.net/10794/229	https://spraakbanken.gu.se/en/resources/fsv-nysvenskbibel	n/a, n/a	
https://hdl.handle.net/10794/230	https://spraakbanken.gu.se/en/resources/fsv-nysvenskdalin	n/a, n/a	
https://hdl.handle.net/10794/231	https://spraakbanken.gu.se/en/resources/fsv-nysvenskkronikor	n/a, n/a	
https://hdl.handle.net/10794/232	https://spraakbanken.gu.se/en/resources/fsv-nysvensklagar	n/a, n/a	
https://hdl.handle.net/10794/233	https://spraakbanken.gu.se/en/resources/fsv-nysvenskovrigt	n/a, n/a	
https://hdl.handle.net/10794/234	https://spraakbanken.gu.se/en/resources/fsv-profanprosa	n/a, n/a	
https://hdl.handle.net/10794/235	https://spraakbanken.gu.se/en/resources/fsv-verser	n/a, n/a	
https://hdl.handle.net/10794/236	https://spraakbanken.gu.se/en/resources/fsv-yngrelagar	n/a, n/a	
https://hdl.handle.net/10794/237	https://spraakbanken.gu.se/en/resources/fsv-yngrereligiosprosa	n/a, n/a	
https://hdl.handle.net/10794/238	https://spraakbanken.gu.se/en/resources/fsv-yngretankebocker	n/a, n/a	
https://hdl.handle.net/10794/239	https://spraakbanken.gu.se/en/resources/fts	Kirsti Hansen	
https://hdl.handle.net/10794/240	https://spraakbanken.gu.se/en/resources/gdc	n/a, n/a	
https://hdl.handle.net/10794/241	https://spraakbanken.gu.se/en/resources/gigaword	n/a, n/a	
https://hdl.handle.net/10794/242	https://spraakbanken.gu.se/en/resources/gp1994	n/a, n/a	
https://hdl.handle.net/10794/243	https://spraakbanken.gu.se/en/resources/gp2001	n/a, n/a	
https://hdl.handle.net/10794/244	https://spraakbanken.gu.se/en/resources/gp2002	n/a, n/a	
https://hdl.handle.net/10794/245	https://spraakbanken.gu.se/en/resources/gp2003	n/a, n/a	
https://hdl.handle.net/10794/246	https://spraakbanken.gu.se/en/resources/gp2004	n/a, n/a	
https://hdl.handle.net/10794/247	https://spraakbanken.gu.se/en/resources/gp2005	n/a, n/a	
https://hdl.handle.net/10794/248	https://spraakbanken.gu.se/en/resources/gp2006	n/a, n/a	
https://hdl.handle.net/10794/249	https://spraakbanken.gu.se/en/resources/gp2007	n/a, n/a	
https://hdl.handle.net/10794/250	https://spraakbanken.gu.se/en/resources/gp2008	n/a, n/a	
https://hdl.handle.net/10794/251	https://spraakbanken.gu.se/en/resources/gp2009	n/a, n/a	
https://hdl.handle.net/10794/252	https://spraakbanken.gu.se/en/resources/gp2010	n/a, n/a	
https://hdl.handle.net/10794/253	https://spraakbanken.gu.se/en/resources/gp2011	n/a, n/a	
https://hdl.handle.net/10794/254	https://spraakbanken.gu.se/en/resources/gp2012	n/a, n/a	
https://hdl.handle.net/10794/255	https://spraakbanken.gu.se/en/resources/gp2013	n/a, n/a	
https://hdl.handle.net/10794/256	https://spraakbanken.gu.se/en/resources/gp2d	n/a, n/a	
https://hdl.handle.net/10794/257	https://spraakbanken.gu.se/en/resources/hankeiten	n/a, n/a	
https://hdl.handle.net/10794/258	https://spraakbanken.gu.se/en/resources/hanken	n/a, n/a	
https://hdl.handle.net/10794/259	https://spraakbanken.gu.se/en/resources/hbl1800	n/a, n/a	
https://hdl.handle.net/10794/260	https://spraakbanken.gu.se/en/resources/hbl1991	n/a, n/a	
https://hdl.handle.net/10794/261	https://spraakbanken.gu.se/en/resources/hbl1998	n/a, n/a	
https://hdl.handle.net/10794/262	https://spraakbanken.gu.se/en/resources/hbl1999	n/a, n/a	
https://hdl.handle.net/10794/263	https://spraakbanken.gu.se/en/resources/hbl20122013	n/a, n/a	
https://hdl.handle.net/10794/264	https://spraakbanken.gu.se/en/resources/hbl2014	n/a, n/a	
https://hdl.handle.net/10794/265	https://spraakbanken.gu.se/en/resources/husmodern	n/a, n/a	
https://hdl.handle.net/10794/266	https://spraakbanken.gu.se/en/resources/informationstidningar	n/a, n/a	
https://hdl.handle.net/10794/267	https://spraakbanken.gu.se/en/resources/interfra-sv	n/a, n/a	
https://hdl.handle.net/10794/268	https://spraakbanken.gu.se/en/resources/interfra-tagged	n/a, n/a	
https://hdl.handle.net/10794/269	https://spraakbanken.gu.se/en/resources/interfra	n/a, n/a	
https://hdl.handle.net/10794/270	https://spraakbanken.gu.se/en/resources/ivip-demo	n/a, n/a	
https://hdl.handle.net/10794/271	https://spraakbanken.gu.se/en/resources/ivip	n/a, n/a	
https://hdl.handle.net/10794/272	https://spraakbanken.gu.se/en/resources/jakobstadstidning1999	n/a, n/a	
https://hdl.handle.net/10794/273	https://spraakbanken.gu.se/en/resources/jakobstadstidning2000	n/a, n/a	
https://hdl.handle.net/10794/274	https://spraakbanken.gu.se/en/resources/jft	n/a, n/a	
https://hdl.handle.net/10794/275	https://spraakbanken.gu.se/en/resources/jubileumsarkivet-pilot	n/a, n/a	
https://hdl.handle.net/10794/276	https://spraakbanken.gu.se/en/resources/kallan	n/a, n/a	
https://hdl.handle.net/10794/277	https://spraakbanken.gu.se/en/resources/kalltext	n/a, n/a	
https://hdl.handle.net/10794/278	https://spraakbanken.gu.se/en/resources/kioping	n/a, n/a	
https://hdl.handle.net/10794/279	https://spraakbanken.gu.se/en/resources/klarsprak	n/a, n/a	
https://hdl.handle.net/10794/280	https://spraakbanken.gu.se/en/resources/kubhist2-aftonbladet-1830	n/a, n/a	
https://hdl.handle.net/10794/281	https://spraakbanken.gu.se/en/resources/kubhist2-aftonbladet-1840	n/a, n/a	
https://hdl.handle.net/10794/282	https://spraakbanken.gu.se/en/resources/kubhist2-aftonbladet-1850	n/a, n/a	
https://hdl.handle.net/10794/283	https://spraakbanken.gu.se/en/resources/kubhist2-aftonbladet-1860	n/a, n/a	
https://hdl.handle.net/10794/284	https://spraakbanken.gu.se/en/resources/kubhist2-aftonbladet-1870	n/a, n/a	
https://hdl.handle.net/10794/285	https://spraakbanken.gu.se/en/resources/kubhist2-aftonbladet-1880	n/a, n/a	
https://hdl.handle.net/10794/286	https://spraakbanken.gu.se/en/resources/kubhist2-aftonbladet-1890	n/a, n/a	
https://hdl.handle.net/10794/287	https://spraakbanken.gu.se/en/resources/kubhist2-aftonbladet-1900	n/a, n/a	
https://hdl.handle.net/10794/288	https://spraakbanken.gu.se/en/resources/kubhist2-alfwarochskamt-1840	n/a, n/a	
https://hdl.handle.net/10794/289	https://spraakbanken.gu.se/en/resources/kubhist2-barometern-1840	n/a, n/a	
https://hdl.handle.net/10794/290	https://spraakbanken.gu.se/en/resources/kubhist2-barometern-1850	n/a, n/a	
https://hdl.handle.net/10794/291	https://spraakbanken.gu.se/en/resources/kubhist2-barometern-1860	n/a, n/a	
https://hdl.handle.net/10794/292	https://spraakbanken.gu.se/en/resources/kubhist2-barometern-1870	n/a, n/a	
https://hdl.handle.net/10794/293	https://spraakbanken.gu.se/en/resources/kubhist2-barometern-1880	n/a, n/a	
https://hdl.handle.net/10794/294	https://spraakbanken.gu.se/en/resources/kubhist2-barometern-1890	n/a, n/a	
https://hdl.handle.net/10794/295	https://spraakbanken.gu.se/en/resources/kubhist2-blekingsposten-1850	n/a, n/a	
https://hdl.handle.net/10794/296	https://spraakbanken.gu.se/en/resources/kubhist2-blekingsposten-1860	n/a, n/a	
https://hdl.handle.net/10794/297	https://spraakbanken.gu.se/en/resources/kubhist2-blekingsposten-1870	n/a, n/a	
https://hdl.handle.net/10794/298	https://spraakbanken.gu.se/en/resources/kubhist2-blekingsposten-1880	n/a, n/a	
https://hdl.handle.net/10794/299	https://spraakbanken.gu.se/en/resources/kubhist2-bollnastidning-1870	n/a, n/a	
https://hdl.handle.net/10794/300	https://spraakbanken.gu.se/en/resources/kubhist2-bollnastidning-1880	n/a, n/a	
https://hdl.handle.net/10794/301	https://spraakbanken.gu.se/en/resources/kubhist2-borastidning-1830	n/a, n/a	
https://hdl.handle.net/10794/302	https://spraakbanken.gu.se/en/resources/kubhist2-borastidning-1840	n/a, n/a	
https://hdl.handle.net/10794/303	https://spraakbanken.gu.se/en/resources/kubhist2-borastidning-1850	n/a, n/a	
https://hdl.handle.net/10794/304	https://spraakbanken.gu.se/en/resources/kubhist2-borastidning-1860	n/a, n/a	
https://hdl.handle.net/10794/305	https://spraakbanken.gu.se/en/resources/kubhist2-borastidning-1870	n/a, n/a	
https://hdl.handle.net/10794/306	https://spraakbanken.gu.se/en/resources/kubhist2-borastidning-1880	n/a, n/a	
https://hdl.handle.net/10794/307	https://spraakbanken.gu.se/en/resources/kubhist2-borastidning-1890	n/a, n/a	
https://hdl.handle.net/10794/308	https://spraakbanken.gu.se/en/resources/kubhist2-carlscronastidningar-1760	n/a, n/a	
https://hdl.handle.net/10794/309	https://spraakbanken.gu.se/en/resources/kubhist2-carlscronaswekoblad-1750	n/a, n/a	
https://hdl.handle.net/10794/310	https://spraakbanken.gu.se/en/resources/kubhist2-carlscronaswekoblad-1760	n/a, n/a	
https://hdl.handle.net/10794/311	https://spraakbanken.gu.se/en/resources/kubhist2-carlscronaswekoblad-1770	n/a, n/a	
https://hdl.handle.net/10794/312	https://spraakbanken.gu.se/en/resources/kubhist2-carlscronaswekoblad-1780	n/a, n/a	
https://hdl.handle.net/10794/313	https://spraakbanken.gu.se/en/resources/kubhist2-carlscronaswekoblad-1790	n/a, n/a	
https://hdl.handle.net/10794/314	https://spraakbanken.gu.se/en/resources/kubhist2-carlscronaswekoblad-1800	n/a, n/a	
https://hdl.handle.net/10794/315	https://spraakbanken.gu.se/en/resources/kubhist2-carlscronaswekoblad-1810	n/a, n/a	
https://hdl.handle.net/10794/316	https://spraakbanken.gu.se/en/resources/kubhist2-carlscronaswekoblad-1820	n/a, n/a	
https://hdl.handle.net/10794/317	https://spraakbanken.gu.se/en/resources/kubhist2-carlscronaswekoblad-1830	n/a, n/a	
https://hdl.handle.net/10794/318	https://spraakbanken.gu.se/en/resources/kubhist2-carlscronaswekoblad-1840	n/a, n/a	
https://hdl.handle.net/10794/319	https://spraakbanken.gu.se/en/resources/kubhist2-carlscronaswekoblad-1850	n/a, n/a	
https://hdl.handle.net/10794/320	https://spraakbanken.gu.se/en/resources/kubhist2-carlscronaswekoblad-1860	n/a, n/a	
https://hdl.handle.net/10794/321	https://spraakbanken.gu.se/en/resources/kubhist2-carlscronaswekoblad-1870	n/a, n/a	
https://hdl.handle.net/10794/322	https://spraakbanken.gu.se/en/resources/kubhist2-dagligtallehanda-1760	n/a, n/a	
https://hdl.handle.net/10794/323	https://spraakbanken.gu.se/en/resources/kubhist2-dagligtallehanda-1770	n/a, n/a	
https://hdl.handle.net/10794/324	https://spraakbanken.gu.se/en/resources/kubhist2-dagligtallehanda-1780	n/a, n/a	
https://hdl.handle.net/10794/325	https://spraakbanken.gu.se/en/resources/kubhist2-dagligtallehanda-1790	n/a, n/a	
https://hdl.handle.net/10794/326	https://spraakbanken.gu.se/en/resources/kubhist2-dagligtallehanda-1800	n/a, n/a	
https://hdl.handle.net/10794/327	https://spraakbanken.gu.se/en/resources/kubhist2-dagligtallehanda-1810	n/a, n/a	
https://hdl.handle.net/10794/328	https://spraakbanken.gu.se/en/resources/kubhist2-dagligtallehanda-1820	n/a, n/a	
https://hdl.handle.net/10794/329	https://spraakbanken.gu.se/en/resources/kubhist2-dagligtallehanda-1830	n/a, n/a	
https://hdl.handle.net/10794/330	https://spraakbanken.gu.se/en/resources/kubhist2-dagligtallehanda-1840	n/a, n/a	
https://hdl.handle.net/10794/331	https://spraakbanken.gu.se/en/resources/kubhist2-dalpilen-1850	n/a, n/a	
https://hdl.handle.net/10794/332	https://spraakbanken.gu.se/en/resources/kubhist2-dalpilen-1860	n/a, n/a	
https://hdl.handle.net/10794/333	https://spraakbanken.gu.se/en/resources/kubhist2-dalpilen-1870	n/a, n/a	
https://hdl.handle.net/10794/334	https://spraakbanken.gu.se/en/resources/kubhist2-dalpilen-1880	n/a, n/a	
https://hdl.handle.net/10794/335	https://spraakbanken.gu.se/en/resources/kubhist2-dalpilen-1890	n/a, n/a	
https://hdl.handle.net/10794/336	https://spraakbanken.gu.se/en/resources/kubhist2-dalpilen-1900	n/a, n/a	
https://hdl.handle.net/10794/337	https://spraakbanken.gu.se/en/resources/kubhist2-fahluweckoblad-1780	n/a, n/a	
https://hdl.handle.net/10794/338	https://spraakbanken.gu.se/en/resources/kubhist2-fahluweckoblad-1790	n/a, n/a	
https://hdl.handle.net/10794/339	https://spraakbanken.gu.se/en/resources/kubhist2-fahluweckoblad-1800	n/a, n/a	
https://hdl.handle.net/10794/340	https://spraakbanken.gu.se/en/resources/kubhist2-fahluweckoblad-1810	n/a, n/a	
https://hdl.handle.net/10794/341	https://spraakbanken.gu.se/en/resources/kubhist2-fahluweckoblad-1820	n/a, n/a	
https://hdl.handle.net/10794/342	https://spraakbanken.gu.se/en/resources/kubhist2-falkopingstidning-1850	n/a, n/a	
https://hdl.handle.net/10794/343	https://spraakbanken.gu.se/en/resources/kubhist2-falkopingstidning-1860	n/a, n/a	
https://hdl.handle.net/10794/344	https://spraakbanken.gu.se/en/resources/kubhist2-falkopingstidning-1870	n/a, n/a	
https://hdl.handle.net/10794/345	https://spraakbanken.gu.se/en/resources/kubhist2-falkopingstidning-1880	n/a, n/a	
https://hdl.handle.net/10794/346	https://spraakbanken.gu.se/en/resources/kubhist2-falkopingstidning-1890	n/a, n/a	
https://hdl.handle.net/10794/347	https://spraakbanken.gu.se/en/resources/kubhist2-faluposten-1860	n/a, n/a	
https://hdl.handle.net/10794/348	https://spraakbanken.gu.se/en/resources/kubhist2-faluposten-1870	n/a, n/a	
https://hdl.handle.net/10794/349	https://spraakbanken.gu.se/en/resources/kubhist2-faluposten-1880	n/a, n/a	
https://hdl.handle.net/10794/350	https://spraakbanken.gu.se/en/resources/kubhist2-faluposten-1890	n/a, n/a	
https://hdl.handle.net/10794/351	https://spraakbanken.gu.se/en/resources/kubhist2-folketsrost-1840	n/a, n/a	
https://hdl.handle.net/10794/352	https://spraakbanken.gu.se/en/resources/kubhist2-folketsrost-1850	n/a, n/a	
https://hdl.handle.net/10794/353	https://spraakbanken.gu.se/en/resources/kubhist2-folketsrost-1860	n/a, n/a	
https://hdl.handle.net/10794/354	https://spraakbanken.gu.se/en/resources/kubhist2-ghost-1830	n/a, n/a	
https://hdl.handle.net/10794/355	https://spraakbanken.gu.se/en/resources/kubhist2-ghost-1840	n/a, n/a	
https://hdl.handle.net/10794/356	https://spraakbanken.gu.se/en/resources/kubhist2-ghost-1850	n/a, n/a	
https://hdl.handle.net/10794/357	https://spraakbanken.gu.se/en/resources/kubhist2-ghost-1860	n/a, n/a	
https://hdl.handle.net/10794/358	https://spraakbanken.gu.se/en/resources/kubhist2-ghost-1870	n/a, n/a	
https://hdl.handle.net/10794/359	https://spraakbanken.gu.se/en/resources/kubhist2-ghost-1880	n/a, n/a	
https://hdl.handle.net/10794/360	https://spraakbanken.gu.se/en/resources/kubhist2-ghost-1890	n/a, n/a	
https://hdl.handle.net/10794/361	https://spraakbanken.gu.se/en/resources/kubhist2-gotheborgsallehanda-1770	n/a, n/a	
https://hdl.handle.net/10794/362	https://spraakbanken.gu.se/en/resources/kubhist2-gotheborgsallehanda-1780	n/a, n/a	
https://hdl.handle.net/10794/363	https://spraakbanken.gu.se/en/resources/kubhist2-gotheborgsallehanda-1790	n/a, n/a	
https://hdl.handle.net/10794/364	https://spraakbanken.gu.se/en/resources/kubhist2-gotheborgsallehanda-1800	n/a, n/a	
https://hdl.handle.net/10794/365	https://spraakbanken.gu.se/en/resources/kubhist2-gotheborgsallehanda-1810	n/a, n/a	
https://hdl.handle.net/10794/366	https://spraakbanken.gu.se/en/resources/kubhist2-gotheborgsallehanda-1820	n/a, n/a	
https://hdl.handle.net/10794/367	https://spraakbanken.gu.se/en/resources/kubhist2-gotheborgsallehanda-1830	n/a, n/a	
https://hdl.handle.net/10794/368	https://spraakbanken.gu.se/en/resources/kubhist2-gotheborgsallehanda-1840	n/a, n/a	
https://hdl.handle.net/10794/369	https://spraakbanken.gu.se/en/resources/kubhist2-gotheborgskanyheter-1760	n/a, n/a	
https://hdl.handle.net/10794/370	https://spraakbanken.gu.se/en/resources/kubhist2-gotheborgskanyheter-1770	n/a, n/a	
https://hdl.handle.net/10794/371	https://spraakbanken.gu.se/en/resources/kubhist2-gotheborgskanyheter-1780	n/a, n/a	
https://hdl.handle.net/10794/372	https://spraakbanken.gu.se/en/resources/kubhist2-gotheborgskanyheter-1790	n/a, n/a	
https://hdl.handle.net/10794/373	https://spraakbanken.gu.se/en/resources/kubhist2-gotheborgskanyheter-1800	n/a, n/a	
https://hdl.handle.net/10794/374	https://spraakbanken.gu.se/en/resources/kubhist2-gotheborgskanyheter-1810	n/a, n/a	
https://hdl.handle.net/10794/375	https://spraakbanken.gu.se/en/resources/kubhist2-gotheborgskanyheter-1820	n/a, n/a	
https://hdl.handle.net/10794/376	https://spraakbanken.gu.se/en/resources/kubhist2-gotheborgskanyheter-1830	n/a, n/a	
https://hdl.handle.net/10794/377	https://spraakbanken.gu.se/en/resources/kubhist2-gotheborgskanyheter-1840	n/a, n/a	
https://hdl.handle.net/10794/378	https://spraakbanken.gu.se/en/resources/kubhist2-gotheborgsweckolista-1740	n/a, n/a	
https://hdl.handle.net/10794/379	https://spraakbanken.gu.se/en/resources/kubhist2-gotheborgsweckolista-1750	n/a, n/a	
https://hdl.handle.net/10794/380	https://spraakbanken.gu.se/en/resources/kubhist2-gotlandstidning-1860	n/a, n/a	
https://hdl.handle.net/10794/381	https://spraakbanken.gu.se/en/resources/kubhist2-gotlandstidning-1870	n/a, n/a	
https://hdl.handle.net/10794/382	https://spraakbanken.gu.se/en/resources/kubhist2-gotlandstidning-1880	n/a, n/a	
https://hdl.handle.net/10794/383	https://spraakbanken.gu.se/en/resources/kubhist2-harnosandsposten-1840	n/a, n/a	
https://hdl.handle.net/10794/384	https://spraakbanken.gu.se/en/resources/kubhist2-harnosandsposten-1850	n/a, n/a	
https://hdl.handle.net/10794/385	https://spraakbanken.gu.se/en/resources/kubhist2-harnosandsposten-1860	n/a, n/a	
https://hdl.handle.net/10794/386	https://spraakbanken.gu.se/en/resources/kubhist2-harnosandsposten-1870	n/a, n/a	
https://hdl.handle.net/10794/387	https://spraakbanken.gu.se/en/resources/kubhist2-harnosandsposten-1880	n/a, n/a	
https://hdl.handle.net/10794/388	https://spraakbanken.gu.se/en/resources/kubhist2-harnosandsposten-1890	n/a, n/a	
https://hdl.handle.net/10794/389	https://spraakbanken.gu.se/en/resources/kubhist2-inrikestidningar-1760	n/a, n/a	
https://hdl.handle.net/10794/390	https://spraakbanken.gu.se/en/resources/kubhist2-inrikestidningar-1770	n/a, n/a	
https://hdl.handle.net/10794/391	https://spraakbanken.gu.se/en/resources/kubhist2-inrikestidningar-1780	n/a, n/a	
https://hdl.handle.net/10794/392	https://spraakbanken.gu.se/en/resources/kubhist2-inrikestidningar-1790	n/a, n/a	
https://hdl.handle.net/10794/393	https://spraakbanken.gu.se/en/resources/kubhist2-inrikestidningar-1800	n/a, n/a	
https://hdl.handle.net/10794/394	https://spraakbanken.gu.se/en/resources/kubhist2-inrikestidningar-1810	n/a, n/a	
https://hdl.handle.net/10794/395	https://spraakbanken.gu.se/en/resources/kubhist2-inrikestidningar-1820	n/a, n/a	
https://hdl.handle.net/10794/396	https://spraakbanken.gu.se/en/resources/kubhist2-jonkopingsbladet-1840	n/a, n/a	
https://hdl.handle.net/10794/397	https://spraakbanken.gu.se/en/resources/kubhist2-jonkopingsbladet-1850	n/a, n/a	
https://hdl.handle.net/10794/398	https://spraakbanken.gu.se/en/resources/kubhist2-jonkopingsbladet-1860	n/a, n/a	
https://hdl.handle.net/10794/399	https://spraakbanken.gu.se/en/resources/kubhist2-jonkopingsbladet-1870	n/a, n/a	
https://hdl.handle.net/10794/400	https://spraakbanken.gu.se/en/resources/kubhist2-jonkopingsposten-1860	n/a, n/a	
https://hdl.handle.net/10794/401	https://spraakbanken.gu.se/en/resources/kubhist2-jonkopingsposten-1870	n/a, n/a	
https://hdl.handle.net/10794/402	https://spraakbanken.gu.se/en/resources/kubhist2-jonkopingsposten-1880	n/a, n/a	
https://hdl.handle.net/10794/403	https://spraakbanken.gu.se/en/resources/kubhist2-jonkopingsposten-1890	n/a, n/a	
https://hdl.handle.net/10794/404	https://spraakbanken.gu.se/en/resources/kubhist2-kalmar-1860	n/a, n/a	
https://hdl.handle.net/10794/405	https://spraakbanken.gu.se/en/resources/kubhist2-kalmar-1870	n/a, n/a	
https://hdl.handle.net/10794/406	https://spraakbanken.gu.se/en/resources/kubhist2-kalmar-1880	n/a, n/a	
https://hdl.handle.net/10794/407	https://spraakbanken.gu.se/en/resources/kubhist2-kalmar-1890	n/a, n/a	
https://hdl.handle.net/10794/408	https://spraakbanken.gu.se/en/resources/kubhist2-kalmar-1900	n/a, n/a	
https://hdl.handle.net/10794/409	https://spraakbanken.gu.se/en/resources/kubhist2-karlshamnsallehanda-1840	n/a, n/a	
https://hdl.handle.net/10794/410	https://spraakbanken.gu.se/en/resources/kubhist2-karlshamnsallehanda-1850	n/a, n/a	
https://hdl.handle.net/10794/411	https://spraakbanken.gu.se/en/resources/kubhist2-karlshamnsallehanda-1860	n/a, n/a	
https://hdl.handle.net/10794/412	https://spraakbanken.gu.se/en/resources/kubhist2-karlshamnsallehanda-1870	n/a, n/a	
https://hdl.handle.net/10794/413	https://spraakbanken.gu.se/en/resources/kubhist2-karlshamnsallehanda-1880	n/a, n/a	
https://hdl.handle.net/10794/414	https://spraakbanken.gu.se/en/resources/kubhist2-karlshamnsallehanda-1890	n/a, n/a	
https://hdl.handle.net/10794/415	https://spraakbanken.gu.se/en/resources/kubhist2-karlskronaweckoblad-1870	n/a, n/a	
https://hdl.handle.net/10794/416	https://spraakbanken.gu.se/en/resources/kubhist2-karlskronaweckoblad-1880	n/a, n/a	
https://hdl.handle.net/10794/417	https://spraakbanken.gu.se/en/resources/kubhist2-karlskronaweckoblad-1890	n/a, n/a	
https://hdl.handle.net/10794/418	https://spraakbanken.gu.se/en/resources/kubhist2-kristianstadsbladet-1850	n/a, n/a	
https://hdl.handle.net/10794/419	https://spraakbanken.gu.se/en/resources/kubhist2-kristianstadsbladet-1860	n/a, n/a	
https://hdl.handle.net/10794/420	https://spraakbanken.gu.se/en/resources/kubhist2-kristianstadsbladet-1870	n/a, n/a	
https://hdl.handle.net/10794/421	https://spraakbanken.gu.se/en/resources/kubhist2-kristianstadsbladet-1880	n/a, n/a	
https://hdl.handle.net/10794/422	https://spraakbanken.gu.se/en/resources/kubhist2-kristianstadsbladet-1890	n/a, n/a	
https://hdl.handle.net/10794/423	https://spraakbanken.gu.se/en/resources/kubhist2-lindesbergsallehanda-1870	n/a, n/a	
https://hdl.handle.net/10794/424	https://spraakbanken.gu.se/en/resources/kubhist2-lindesbergsallehanda-1880	n/a, n/a	
https://hdl.handle.net/10794/425	https://spraakbanken.gu.se/en/resources/kubhist2-lundsweckoblad-1770	n/a, n/a	
https://hdl.handle.net/10794/426	https://spraakbanken.gu.se/en/resources/kubhist2-lundsweckoblad-1780	n/a, n/a	
https://hdl.handle.net/10794/427	https://spraakbanken.gu.se/en/resources/kubhist2-lundsweckoblad-1810	n/a, n/a	
https://hdl.handle.net/10794/428	https://spraakbanken.gu.se/en/resources/kubhist2-lundsweckoblad-1820	n/a, n/a	
https://hdl.handle.net/10794/429	https://spraakbanken.gu.se/en/resources/kubhist2-lundsweckoblad-1830	n/a, n/a	
https://hdl.handle.net/10794/430	https://spraakbanken.gu.se/en/resources/kubhist2-lundsweckoblad-1840	n/a, n/a	
https://hdl.handle.net/10794/431	https://spraakbanken.gu.se/en/resources/kubhist2-lundsweckoblad-1850	n/a, n/a	
https://hdl.handle.net/10794/432	https://spraakbanken.gu.se/en/resources/kubhist2-lundsweckoblad-1860	n/a, n/a	
https://hdl.handle.net/10794/433	https://spraakbanken.gu.se/en/resources/kubhist2-lundsweckoblad-1870	n/a, n/a	
https://hdl.handle.net/10794/434	https://spraakbanken.gu.se/en/resources/kubhist2-lundsweckoblad-1880	n/a, n/a	
https://hdl.handle.net/10794/435	https://spraakbanken.gu.se/en/resources/kubhist2-lundsweckoblad-1890	n/a, n/a	
https://hdl.handle.net/10794/436	https://spraakbanken.gu.se/en/resources/kubhist2-malmoallehanda-1820	n/a, n/a	
https://hdl.handle.net/10794/437	https://spraakbanken.gu.se/en/resources/kubhist2-malmoallehanda-1830	n/a, n/a	
https://hdl.handle.net/10794/438	https://spraakbanken.gu.se/en/resources/kubhist2-malmoallehanda-1840	n/a, n/a	
https://hdl.handle.net/10794/439	https://spraakbanken.gu.se/en/resources/kubhist2-malmoallehanda-1850	n/a, n/a	
https://hdl.handle.net/10794/440	https://spraakbanken.gu.se/en/resources/kubhist2-malmoallehanda-1860	n/a, n/a	
https://hdl.handle.net/10794/441	https://spraakbanken.gu.se/en/resources/kubhist2-malmoallehanda-1870	n/a, n/a	
https://hdl.handle.net/10794/442	https://spraakbanken.gu.se/en/resources/kubhist2-malmoallehanda-1880	n/a, n/a	
https://hdl.handle.net/10794/443	https://spraakbanken.gu.se/en/resources/kubhist2-malmoallehanda-1890	n/a, n/a	
https://hdl.handle.net/10794/444	https://spraakbanken.gu.se/en/resources/kubhist2-nerikesallehanda-1840	n/a, n/a	
https://hdl.handle.net/10794/445	https://spraakbanken.gu.se/en/resources/kubhist2-nerikesallehanda-1850	n/a, n/a	
https://hdl.handle.net/10794/446	https://spraakbanken.gu.se/en/resources/kubhist2-nerikesallehanda-1860	n/a, n/a	
https://hdl.handle.net/10794/447	https://spraakbanken.gu.se/en/resources/kubhist2-nerikesallehanda-1870	n/a, n/a	
https://hdl.handle.net/10794/448	https://spraakbanken.gu.se/en/resources/kubhist2-nerikesallehanda-1880	n/a, n/a	
https://hdl.handle.net/10794/449	https://spraakbanken.gu.se/en/resources/kubhist2-nerikesallehanda-1890	n/a, n/a	
https://hdl.handle.net/10794/450	https://spraakbanken.gu.se/en/resources/kubhist2-nlk-1850	n/a, n/a	
https://hdl.handle.net/10794/451	https://spraakbanken.gu.se/en/resources/kubhist2-nlk-1860	n/a, n/a	
https://hdl.handle.net/10794/452	https://spraakbanken.gu.se/en/resources/kubhist2-nlk-1870	n/a, n/a	
https://hdl.handle.net/10794/453	https://spraakbanken.gu.se/en/resources/kubhist2-norden-1850	n/a, n/a	
https://hdl.handle.net/10794/454	https://spraakbanken.gu.se/en/resources/kubhist2-norden-1860	n/a, n/a	
https://hdl.handle.net/10794/455	https://spraakbanken.gu.se/en/resources/kubhist2-norraskane-1880	n/a, n/a	
https://hdl.handle.net/10794/456	https://spraakbanken.gu.se/en/resources/kubhist2-norraskane-1890	n/a, n/a	
https://hdl.handle.net/10794/457	https://spraakbanken.gu.se/en/resources/kubhist2-norrbottenskuriren-1860	n/a, n/a	
https://hdl.handle.net/10794/458	https://spraakbanken.gu.se/en/resources/kubhist2-norrbottenskuriren-1870	n/a, n/a	
https://hdl.handle.net/10794/459	https://spraakbanken.gu.se/en/resources/kubhist2-norrbottenskuriren-1880	n/a, n/a	
https://hdl.handle.net/10794/460	https://spraakbanken.gu.se/en/resources/kubhist2-norrbottenskuriren-1890	n/a, n/a	
https://hdl.handle.net/10794/461	https://spraakbanken.gu.se/en/resources/kubhist2-norrbottensposten-1840	n/a, n/a	
https://hdl.handle.net/10794/462	https://spraakbanken.gu.se/en/resources/kubhist2-norrbottensposten-1850	n/a, n/a	
https://hdl.handle.net/10794/463	https://spraakbanken.gu.se/en/resources/kubhist2-norrbottensposten-1860	n/a, n/a	
https://hdl.handle.net/10794/464	https://spraakbanken.gu.se/en/resources/kubhist2-norrbottensposten-1870	n/a, n/a	
https://hdl.handle.net/10794/465	https://spraakbanken.gu.se/en/resources/kubhist2-norrbottensposten-1880	n/a, n/a	
https://hdl.handle.net/10794/466	https://spraakbanken.gu.se/en/resources/kubhist2-norrbottensposten-1890	n/a, n/a	
https://hdl.handle.net/10794/467	https://spraakbanken.gu.se/en/resources/kubhist2-norrkopingskuriren-1850	n/a, n/a	
https://hdl.handle.net/10794/468	https://spraakbanken.gu.se/en/resources/kubhist2-norrkopingskuriren-1860	n/a, n/a	
https://hdl.handle.net/10794/469	https://spraakbanken.gu.se/en/resources/kubhist2-norrkopingstidningar-1780	n/a, n/a	
https://hdl.handle.net/10794/470	https://spraakbanken.gu.se/en/resources/kubhist2-norrkopingstidningar-1790	n/a, n/a	
https://hdl.handle.net/10794/471	https://spraakbanken.gu.se/en/resources/kubhist2-norrkopingstidningar-1800	n/a, n/a	
https://hdl.handle.net/10794/472	https://spraakbanken.gu.se/en/resources/kubhist2-norrkopingstidningar-1810	n/a, n/a	
https://hdl.handle.net/10794/473	https://spraakbanken.gu.se/en/resources/kubhist2-norrkopingstidningar-1820	n/a, n/a	
https://hdl.handle.net/10794/474	https://spraakbanken.gu.se/en/resources/kubhist2-norrkopingstidningar-1830	n/a, n/a	
https://hdl.handle.net/10794/475	https://spraakbanken.gu.se/en/resources/kubhist2-norrkopingstidningar-1840	n/a, n/a	
https://hdl.handle.net/10794/476	https://spraakbanken.gu.se/en/resources/kubhist2-norrkopingstidningar-1850	n/a, n/a	
https://hdl.handle.net/10794/477	https://spraakbanken.gu.se/en/resources/kubhist2-norrkopingstidningar-1860	n/a, n/a	
https://hdl.handle.net/10794/478	https://spraakbanken.gu.se/en/resources/kubhist2-norrkopingstidningar-1870	n/a, n/a	
https://hdl.handle.net/10794/479	https://spraakbanken.gu.se/en/resources/kubhist2-norrkopingstidningar-1880	n/a, n/a	
https://hdl.handle.net/10794/480	https://spraakbanken.gu.se/en/resources/kubhist2-norrkopingstidningar-1890	n/a, n/a	
https://hdl.handle.net/10794/481	https://spraakbanken.gu.se/en/resources/kubhist2-norrkopingsweckotidningar-1750	n/a, n/a	
https://hdl.handle.net/10794/482	https://spraakbanken.gu.se/en/resources/kubhist2-norrkopingsweckotidningar-1760	n/a, n/a	
https://hdl.handle.net/10794/483	https://spraakbanken.gu.se/en/resources/kubhist2-norrkopingsweckotidningar-1770	n/a, n/a	
https://hdl.handle.net/10794/484	https://spraakbanken.gu.se/en/resources/kubhist2-norrkopingsweckotidningar-1780	n/a, n/a	
https://hdl.handle.net/10794/485	https://spraakbanken.gu.se/en/resources/kubhist2-norrlandsposten-1880	n/a, n/a	
https://hdl.handle.net/10794/486	https://spraakbanken.gu.se/en/resources/kubhist2-nyadagligtallehanda-1850	n/a, n/a	
https://hdl.handle.net/10794/487	https://spraakbanken.gu.se/en/resources/kubhist2-nyadagligtallehanda-1860	n/a, n/a	
https://hdl.handle.net/10794/488	https://spraakbanken.gu.se/en/resources/kubhist2-nyadagligtallehanda-1870	n/a, n/a	
https://hdl.handle.net/10794/489	https://spraakbanken.gu.se/en/resources/kubhist2-nyadagligtallehanda-1880	n/a, n/a	
https://hdl.handle.net/10794/490	https://spraakbanken.gu.se/en/resources/kubhist2-nyadagligtallehanda-1890	n/a, n/a	
https://hdl.handle.net/10794/491	https://spraakbanken.gu.se/en/resources/kubhist2-nyakarlskronaweckoblad-1870	n/a, n/a	
https://hdl.handle.net/10794/492	https://spraakbanken.gu.se/en/resources/kubhist2-nyawermlandstidningen-1850	n/a, n/a	
https://hdl.handle.net/10794/493	https://spraakbanken.gu.se/en/resources/kubhist2-nyawermlandstidningen-1860	n/a, n/a	
https://hdl.handle.net/10794/494	https://spraakbanken.gu.se/en/resources/kubhist2-nyawermlandstidningen-1870	n/a, n/a	
https://hdl.handle.net/10794/495	https://spraakbanken.gu.se/en/resources/kubhist2-nyawermlandstidningen-1880	n/a, n/a	
https://hdl.handle.net/10794/496	https://spraakbanken.gu.se/en/resources/kubhist2-nyawermlandstidningen-1890	n/a, n/a	
https://hdl.handle.net/10794/497	https://spraakbanken.gu.se/en/resources/kubhist2-nyawexjobladet-1840	n/a, n/a	
https://hdl.handle.net/10794/498	https://spraakbanken.gu.se/en/resources/kubhist2-nyawexjobladet-1850	n/a, n/a	
https://hdl.handle.net/10794/499	https://spraakbanken.gu.se/en/resources/kubhist2-nyawexjobladet-1860	n/a, n/a	
https://hdl.handle.net/10794/500	https://spraakbanken.gu.se/en/resources/kubhist2-nyawexjobladet-1870	n/a, n/a	
https://hdl.handle.net/10794/501	https://spraakbanken.gu.se/en/resources/kubhist2-nyawexjobladet-1880	n/a, n/a	
https://hdl.handle.net/10794/502	https://spraakbanken.gu.se/en/resources/kubhist2-nyawexjobladet-1890	n/a, n/a	
https://hdl.handle.net/10794/503	https://spraakbanken.gu.se/en/resources/kubhist2-nyttallvarochskamt-1840	n/a, n/a	
https://hdl.handle.net/10794/504	https://spraakbanken.gu.se/en/resources/kubhist2-nyttallvarochskamt-1850	n/a, n/a	
https://hdl.handle.net/10794/505	https://spraakbanken.gu.se/en/resources/kubhist2-nyttochgammalt-1780	n/a, n/a	
https://hdl.handle.net/10794/506	https://spraakbanken.gu.se/en/resources/kubhist2-nyttochgammalt-1790	n/a, n/a	
https://hdl.handle.net/10794/507	https://spraakbanken.gu.se/en/resources/kubhist2-nyttochgammalt-1800	n/a, n/a	
https://hdl.handle.net/10794/508	https://spraakbanken.gu.se/en/resources/kubhist2-nyttochgammalt-1810	n/a, n/a	
https://hdl.handle.net/10794/509	https://spraakbanken.gu.se/en/resources/kubhist2-ostergotlandsveckoblad-1880	n/a, n/a	
https://hdl.handle.net/10794/510	https://spraakbanken.gu.se/en/resources/kubhist2-ostergotlandsveckoblad-1890	n/a, n/a	
https://hdl.handle.net/10794/511	https://spraakbanken.gu.se/en/resources/kubhist2-ostgotacorrespondenten-1830	n/a, n/a	
https://hdl.handle.net/10794/512	https://spraakbanken.gu.se/en/resources/kubhist2-ostgotacorrespondenten-1840	n/a, n/a	
https://hdl.handle.net/10794/513	https://spraakbanken.gu.se/en/resources/kubhist2-ostgotacorrespondenten-1850	n/a, n/a	
https://hdl.handle.net/10794/514	https://spraakbanken.gu.se/en/resources/kubhist2-ostgotacorrespondenten-1860	n/a, n/a	
https://hdl.handle.net/10794/515	https://spraakbanken.gu.se/en/resources/kubhist2-ostgotacorrespondenten-1870	n/a, n/a	
https://hdl.handle.net/10794/516	https://spraakbanken.gu.se/en/resources/kubhist2-ostgotacorrespondenten-1880	n/a, n/a	
https://hdl.handle.net/10794/517	https://spraakbanken.gu.se/en/resources/kubhist2-ostgotacorrespondenten-1890	n/a, n/a	
https://hdl.handle.net/10794/518	https://spraakbanken.gu.se/en/resources/kubhist2-ostgotaposten-1890	n/a, n/a	
https://hdl.handle.net/10794/519	https://spraakbanken.gu.se/en/resources/kubhist2-ostgotaposten-1900	n/a, n/a	
https://hdl.handle.net/10794/520	https://spraakbanken.gu.se/en/resources/kubhist2-post-ochinrikestidningar-1820	n/a, n/a	
https://hdl.handle.net/10794/521	https://spraakbanken.gu.se/en/resources/kubhist2-post-ochinrikestidningar-1830	n/a, n/a	
https://hdl.handle.net/10794/522	https://spraakbanken.gu.se/en/resources/kubhist2-post-ochinrikestidningar-1840	n/a, n/a	
https://hdl.handle.net/10794/523	https://spraakbanken.gu.se/en/resources/kubhist2-post-ochinrikestidningar-1850	n/a, n/a	
https://hdl.handle.net/10794/524	https://spraakbanken.gu.se/en/resources/kubhist2-post-ochinrikestidningar-1860	n/a, n/a	
https://hdl.handle.net/10794/525	https://spraakbanken.gu.se/en/resources/kubhist2-post-ochinrikestidningar-1870	n/a, n/a	
https://hdl.handle.net/10794/526	https://spraakbanken.gu.se/en/resources/kubhist2-post-ochinrikestidningar-1880	n/a, n/a	
https://hdl.handle.net/10794/527	https://spraakbanken.gu.se/en/resources/kubhist2-post-ochinrikestidningar-1890	n/a, n/a	
https://hdl.handle.net/10794/528	https://spraakbanken.gu.se/en/resources/kubhist2-posttidningar-1640	n/a, n/a	
https://hdl.handle.net/10794/529	https://spraakbanken.gu.se/en/resources/kubhist2-posttidningar-1650	n/a, n/a	
https://hdl.handle.net/10794/530	https://spraakbanken.gu.se/en/resources/kubhist2-posttidningar-1660	n/a, n/a	
https://hdl.handle.net/10794/531	https://spraakbanken.gu.se/en/resources/kubhist2-posttidningar-1670	n/a, n/a	
https://hdl.handle.net/10794/532	https://spraakbanken.gu.se/en/resources/kubhist2-posttidningar-1680	n/a, n/a	
https://hdl.handle.net/10794/533	https://spraakbanken.gu.se/en/resources/kubhist2-posttidningar-1690	n/a, n/a	
https://hdl.handle.net/10794/534	https://spraakbanken.gu.se/en/resources/kubhist2-posttidningar-1700	n/a, n/a	
https://hdl.handle.net/10794/535	https://spraakbanken.gu.se/en/resources/kubhist2-posttidningar-1710	n/a, n/a	
https://hdl.handle.net/10794/536	https://spraakbanken.gu.se/en/resources/kubhist2-posttidningar-1720	n/a, n/a	
https://hdl.handle.net/10794/537	https://spraakbanken.gu.se/en/resources/kubhist2-posttidningar-1730	n/a, n/a	
https://hdl.handle.net/10794/538	https://spraakbanken.gu.se/en/resources/kubhist2-posttidningar-1740	n/a, n/a	
https://hdl.handle.net/10794/539	https://spraakbanken.gu.se/en/resources/kubhist2-posttidningar-1750	n/a, n/a	
https://hdl.handle.net/10794/540	https://spraakbanken.gu.se/en/resources/kubhist2-posttidningar-1760	n/a, n/a	
https://hdl.handle.net/10794/541	https://spraakbanken.gu.se/en/resources/kubhist2-posttidningar-1770	n/a, n/a	
https://hdl.handle.net/10794/542	https://spraakbanken.gu.se/en/resources/kubhist2-posttidningar-1780	n/a, n/a	
https://hdl.handle.net/10794/543	https://spraakbanken.gu.se/en/resources/kubhist2-posttidningar-1790	n/a, n/a	
https://hdl.handle.net/10794/544	https://spraakbanken.gu.se/en/resources/kubhist2-posttidningar-1800	n/a, n/a	
https://hdl.handle.net/10794/545	https://spraakbanken.gu.se/en/resources/kubhist2-posttidningar-1810	n/a, n/a	
https://hdl.handle.net/10794/546	https://spraakbanken.gu.se/en/resources/kubhist2-posttidningar-1820	n/a, n/a	
https://hdl.handle.net/10794/547	https://spraakbanken.gu.se/en/resources/kubhist2-stnlk-1870	n/a, n/a	
https://hdl.handle.net/10794/548	https://spraakbanken.gu.se/en/resources/kubhist2-stockholmsdagblad-1820	n/a, n/a	
https://hdl.handle.net/10794/549	https://spraakbanken.gu.se/en/resources/kubhist2-stockholmsdagblad-1830	n/a, n/a	
https://hdl.handle.net/10794/550	https://spraakbanken.gu.se/en/resources/kubhist2-stockholmsdagblad-1840	n/a, n/a	
https://hdl.handle.net/10794/551	https://spraakbanken.gu.se/en/resources/kubhist2-stockholmsdagblad-1850	n/a, n/a	
https://hdl.handle.net/10794/552	https://spraakbanken.gu.se/en/resources/kubhist2-stockholmsdagblad-1860	n/a, n/a	
https://hdl.handle.net/10794/553	https://spraakbanken.gu.se/en/resources/kubhist2-stockholmsdagblad-1870	n/a, n/a	
https://hdl.handle.net/10794/554	https://spraakbanken.gu.se/en/resources/kubhist2-stockholmsdagblad-1880	n/a, n/a	
https://hdl.handle.net/10794/555	https://spraakbanken.gu.se/en/resources/kubhist2-stockholmsdagblad-1890	n/a, n/a	
https://hdl.handle.net/10794/556	https://spraakbanken.gu.se/en/resources/kubhist2-stockholmsposten-1770	n/a, n/a	
https://hdl.handle.net/10794/557	https://spraakbanken.gu.se/en/resources/kubhist2-stockholmsposten-1780	n/a, n/a	
https://hdl.handle.net/10794/558	https://spraakbanken.gu.se/en/resources/kubhist2-stockholmsposten-1790	n/a, n/a	
https://hdl.handle.net/10794/559	https://spraakbanken.gu.se/en/resources/kubhist2-stockholmsposten-1800	n/a, n/a	
https://hdl.handle.net/10794/560	https://spraakbanken.gu.se/en/resources/kubhist2-stockholmsposten-1810	n/a, n/a	
https://hdl.handle.net/10794/561	https://spraakbanken.gu.se/en/resources/kubhist2-stockholmsposten-1820	n/a, n/a	
https://hdl.handle.net/10794/562	https://spraakbanken.gu.se/en/resources/kubhist2-stockholmsposten-1830	n/a, n/a	
https://hdl.handle.net/10794/563	https://spraakbanken.gu.se/en/resources/kubhist2-sundsvallstidning-1880	n/a, n/a	
https://hdl.handle.net/10794/564	https://spraakbanken.gu.se/en/resources/kubhist2-sundsvallstidning-1890	n/a, n/a	
https://hdl.handle.net/10794/565	https://spraakbanken.gu.se/en/resources/kubhist2-tfwbsol-1840	n/a, n/a	
https://hdl.handle.net/10794/566	https://spraakbanken.gu.se/en/resources/kubhist2-tfwbsol-1850	n/a, n/a	
https://hdl.handle.net/10794/567	https://spraakbanken.gu.se/en/resources/kubhist2-tfwbsol-1860	n/a, n/a	
https://hdl.handle.net/10794/568	https://spraakbanken.gu.se/en/resources/kubhist2-tfwbsol-1870	n/a, n/a	
https://hdl.handle.net/10794/569	https://spraakbanken.gu.se/en/resources/kubhist2-tfwbsol-1880	n/a, n/a	
https://hdl.handle.net/10794/570	https://spraakbanken.gu.se/en/resources/kubhist2-tfwbsol-1890	n/a, n/a	
https://hdl.handle.net/10794/571	https://spraakbanken.gu.se/en/resources/kubhist2-umebladet-1840	n/a, n/a	
https://hdl.handle.net/10794/572	https://spraakbanken.gu.se/en/resources/kubhist2-umebladet-1850	n/a, n/a	
https://hdl.handle.net/10794/573	https://spraakbanken.gu.se/en/resources/kubhist2-umebladet-1860	n/a, n/a	
https://hdl.handle.net/10794/574	https://spraakbanken.gu.se/en/resources/kubhist2-umebladet-1870	n/a, n/a	
https://hdl.handle.net/10794/575	https://spraakbanken.gu.se/en/resources/kubhist2-umebladet-1880	n/a, n/a	
https://hdl.handle.net/10794/576	https://spraakbanken.gu.se/en/resources/kubhist2-umebladet-1890	n/a, n/a	
https://hdl.handle.net/10794/577	https://spraakbanken.gu.se/en/resources/kubhist2-upsala-1840	n/a, n/a	
https://hdl.handle.net/10794/578	https://spraakbanken.gu.se/en/resources/kubhist2-upsala-1850	n/a, n/a	
https://hdl.handle.net/10794/579	https://spraakbanken.gu.se/en/resources/kubhist2-upsala-1860	n/a, n/a	
https://hdl.handle.net/10794/580	https://spraakbanken.gu.se/en/resources/kubhist2-upsala-1870	n/a, n/a	
https://hdl.handle.net/10794/581	https://spraakbanken.gu.se/en/resources/kubhist2-upsala-1880	n/a, n/a	
https://hdl.handle.net/10794/582	https://spraakbanken.gu.se/en/resources/kubhist2-upsala-1890	n/a, n/a	
https://hdl.handle.net/10794/583	https://spraakbanken.gu.se/en/resources/kubhist2-vestmanlandslanstidning-1830	n/a, n/a	
https://hdl.handle.net/10794/584	https://spraakbanken.gu.se/en/resources/kubhist2-vestmanlandslanstidning-1840	n/a, n/a	
https://hdl.handle.net/10794/585	https://spraakbanken.gu.se/en/resources/kubhist2-vestmanlandslanstidning-1850	n/a, n/a	
https://hdl.handle.net/10794/586	https://spraakbanken.gu.se/en/resources/kubhist2-vestmanlandslanstidning-1860	n/a, n/a	
https://hdl.handle.net/10794/587	https://spraakbanken.gu.se/en/resources/kubhist2-vestmanlandslanstidning-1870	n/a, n/a	
https://hdl.handle.net/10794/588	https://spraakbanken.gu.se/en/resources/kubhist2-vestmanlandslanstidning-1880	n/a, n/a	
https://hdl.handle.net/10794/589	https://spraakbanken.gu.se/en/resources/kubhist2-vestmanlandslanstidning-1890	n/a, n/a	
https://hdl.handle.net/10794/590	https://spraakbanken.gu.se/en/resources/kubhist2-wermlandslanstidning-1870	n/a, n/a	
https://hdl.handle.net/10794/591	https://spraakbanken.gu.se/en/resources/kubhist2-wermlandstidningen-1840	n/a, n/a	
https://hdl.handle.net/10794/592	https://spraakbanken.gu.se/en/resources/kubhist2-wermlandstidningen-1850	n/a, n/a	
https://hdl.handle.net/10794/593	https://spraakbanken.gu.se/en/resources/kubhist2-wernamotidning-1870	n/a, n/a	
https://hdl.handle.net/10794/594	https://spraakbanken.gu.se/en/resources/kubhist2-wernamotidning-1880	n/a, n/a	
https://hdl.handle.net/10794/595	https://spraakbanken.gu.se/en/resources/kubhist2-wexjobladet-1810	n/a, n/a	
https://hdl.handle.net/10794/596	https://spraakbanken.gu.se/en/resources/kubhist2-wexjobladet-1820	n/a, n/a	
https://hdl.handle.net/10794/597	https://spraakbanken.gu.se/en/resources/kubhist2-wexjobladet-1830	n/a, n/a	
https://hdl.handle.net/10794/598	https://spraakbanken.gu.se/en/resources/kubhist2-wexjobladet-1840	n/a, n/a	
https://hdl.handle.net/10794/599	https://spraakbanken.gu.se/en/resources/kubhist2-wexjobladet-1850	n/a, n/a	
https://hdl.handle.net/10794/600	https://spraakbanken.gu.se/en/resources/kubord-afb-2010	n/a, n/a	
https://hdl.handle.net/10794/601	https://spraakbanken.gu.se/en/resources/kubord-afb-2011	n/a, n/a	
https://hdl.handle.net/10794/602	https://spraakbanken.gu.se/en/resources/kubord-afb-2012	n/a, n/a	
https://hdl.handle.net/10794/603	https://spraakbanken.gu.se/en/resources/kubord-afb-2013	n/a, n/a	
https://hdl.handle.net/10794/604	https://spraakbanken.gu.se/en/resources/kubord-afb-2014	n/a, n/a	
https://hdl.handle.net/10794/605	https://spraakbanken.gu.se/en/resources/kubord-afb-2015	n/a, n/a	
https://hdl.handle.net/10794/606	https://spraakbanken.gu.se/en/resources/kubord-afb-2016	n/a, n/a	
https://hdl.handle.net/10794/607	https://spraakbanken.gu.se/en/resources/kubord-afb-2017	n/a, n/a	
https://hdl.handle.net/10794/608	https://spraakbanken.gu.se/en/resources/kubord-afb-2018	n/a, n/a	
https://hdl.handle.net/10794/609	https://spraakbanken.gu.se/en/resources/kubord-afb-2019	n/a, n/a	
https://hdl.handle.net/10794/610	https://spraakbanken.gu.se/en/resources/kubord-afb-2020	n/a, n/a	
https://hdl.handle.net/10794/611	https://spraakbanken.gu.se/en/resources/kubord-afb-2021	n/a, n/a	
https://hdl.handle.net/10794/612	https://spraakbanken.gu.se/en/resources/kubord-dn-2000	n/a, n/a	
https://hdl.handle.net/10794/613	https://spraakbanken.gu.se/en/resources/kubord-dn-2001	n/a, n/a	
https://hdl.handle.net/10794/614	https://spraakbanken.gu.se/en/resources/kubord-dn-2002	n/a, n/a	
https://hdl.handle.net/10794/615	https://spraakbanken.gu.se/en/resources/kubord-dn-2003	n/a, n/a	
https://hdl.handle.net/10794/616	https://spraakbanken.gu.se/en/resources/kubord-dn-2004	n/a, n/a	
https://hdl.handle.net/10794/617	https://spraakbanken.gu.se/en/resources/kubord-dn-2005	n/a, n/a	
https://hdl.handle.net/10794/618	https://spraakbanken.gu.se/en/resources/kubord-dn-2006	n/a, n/a	
https://hdl.handle.net/10794/619	https://spraakbanken.gu.se/en/resources/kubord-dn-2007	n/a, n/a	
https://hdl.handle.net/10794/620	https://spraakbanken.gu.se/en/resources/kubord-dn-2008	n/a, n/a	
https://hdl.handle.net/10794/621	https://spraakbanken.gu.se/en/resources/kubord-dn-2009	n/a, n/a	
https://hdl.handle.net/10794/622	https://spraakbanken.gu.se/en/resources/kubord-dn-2010	n/a, n/a	
https://hdl.handle.net/10794/623	https://spraakbanken.gu.se/en/resources/kubord-dn-2011	n/a, n/a	
https://hdl.handle.net/10794/624	https://spraakbanken.gu.se/en/resources/kubord-dn-2012	n/a, n/a	
https://hdl.handle.net/10794/625	https://spraakbanken.gu.se/en/resources/kubord-dn-2013	n/a, n/a	
https://hdl.handle.net/10794/626	https://spraakbanken.gu.se/en/resources/kubord-dn-2014	n/a, n/a	
https://hdl.handle.net/10794/627	https://spraakbanken.gu.se/en/resources/kubord-dn-2015	n/a, n/a	
https://hdl.handle.net/10794/628	https://spraakbanken.gu.se/en/resources/kubord-dn-2016	n/a, n/a	
https://hdl.handle.net/10794/629	https://spraakbanken.gu.se/en/resources/kubord-dn-2017	n/a, n/a	
https://hdl.handle.net/10794/630	https://spraakbanken.gu.se/en/resources/kubord-dn-2018	n/a, n/a	
https://hdl.handle.net/10794/631	https://spraakbanken.gu.se/en/resources/kubord-dn-2019	n/a, n/a	
https://hdl.handle.net/10794/632	https://spraakbanken.gu.se/en/resources/kubord-dn-2020	n/a, n/a	
https://hdl.handle.net/10794/633	https://spraakbanken.gu.se/en/resources/kubord-dn-2021	n/a, n/a	
https://hdl.handle.net/10794/634	https://spraakbanken.gu.se/en/resources/kubord-exp-2010	n/a, n/a	
https://hdl.handle.net/10794/635	https://spraakbanken.gu.se/en/resources/kubord-exp-2011	n/a, n/a	
https://hdl.handle.net/10794/636	https://spraakbanken.gu.se/en/resources/kubord-exp-2012	n/a, n/a	
https://hdl.handle.net/10794/637	https://spraakbanken.gu.se/en/resources/kubord-exp-2013	n/a, n/a	
https://hdl.handle.net/10794/638	https://spraakbanken.gu.se/en/resources/kubord-exp-2014	n/a, n/a	
https://hdl.handle.net/10794/639	https://spraakbanken.gu.se/en/resources/kubord-exp-2015	n/a, n/a	
https://hdl.handle.net/10794/640	https://spraakbanken.gu.se/en/resources/kubord-exp-2016	n/a, n/a	
https://hdl.handle.net/10794/641	https://spraakbanken.gu.se/en/resources/kubord-exp-2017	n/a, n/a	
https://hdl.handle.net/10794/642	https://spraakbanken.gu.se/en/resources/kubord-exp-2018	n/a, n/a	
https://hdl.handle.net/10794/643	https://spraakbanken.gu.se/en/resources/kubord-exp-2019	n/a, n/a	
https://hdl.handle.net/10794/644	https://spraakbanken.gu.se/en/resources/kubord-exp-2020	n/a, n/a	
https://hdl.handle.net/10794/645	https://spraakbanken.gu.se/en/resources/kubord-exp-2021	n/a, n/a	
https://hdl.handle.net/10794/646	https://spraakbanken.gu.se/en/resources/kubord-gp-2013	n/a, n/a	
https://hdl.handle.net/10794/647	https://spraakbanken.gu.se/en/resources/kubord-gp-2014	n/a, n/a	
https://hdl.handle.net/10794/648	https://spraakbanken.gu.se/en/resources/kubord-gp-2015	n/a, n/a	
https://hdl.handle.net/10794/649	https://spraakbanken.gu.se/en/resources/kubord-gp-2016	n/a, n/a	
https://hdl.handle.net/10794/650	https://spraakbanken.gu.se/en/resources/kubord-gp-2017	n/a, n/a	
https://hdl.handle.net/10794/651	https://spraakbanken.gu.se/en/resources/kubord-gp-2018	n/a, n/a	
https://hdl.handle.net/10794/652	https://spraakbanken.gu.se/en/resources/kubord-gp-2019	n/a, n/a	
https://hdl.handle.net/10794/653	https://spraakbanken.gu.se/en/resources/kubord-gp-2020	n/a, n/a	
https://hdl.handle.net/10794/654	https://spraakbanken.gu.se/en/resources/kubord-gp-2021	n/a, n/a	
https://hdl.handle.net/10794/655	https://spraakbanken.gu.se/en/resources/kubord-ogc-2013	n/a, n/a	
https://hdl.handle.net/10794/656	https://spraakbanken.gu.se/en/resources/kubord-ogc-2014	n/a, n/a	
https://hdl.handle.net/10794/657	https://spraakbanken.gu.se/en/resources/kubord-ogc-2015	n/a, n/a	
https://hdl.handle.net/10794/658	https://spraakbanken.gu.se/en/resources/kubord-ogc-2016	n/a, n/a	
https://hdl.handle.net/10794/659	https://spraakbanken.gu.se/en/resources/kubord-ogc-2017	n/a, n/a	
https://hdl.handle.net/10794/660	https://spraakbanken.gu.se/en/resources/kubord-ogc-2018	n/a, n/a	
https://hdl.handle.net/10794/661	https://spraakbanken.gu.se/en/resources/kubord-ogc-2019	n/a, n/a	
https://hdl.handle.net/10794/662	https://spraakbanken.gu.se/en/resources/kubord-ogc-2020	n/a, n/a	
https://hdl.handle.net/10794/663	https://spraakbanken.gu.se/en/resources/kubord-ogc-2021	n/a, n/a	
https://hdl.handle.net/10794/664	https://spraakbanken.gu.se/en/resources/kubord-ss-2013	n/a, n/a	
https://hdl.handle.net/10794/665	https://spraakbanken.gu.se/en/resources/kubord-ss-2014	n/a, n/a	
https://hdl.handle.net/10794/666	https://spraakbanken.gu.se/en/resources/kubord-ss-2016	n/a, n/a	
https://hdl.handle.net/10794/667	https://spraakbanken.gu.se/en/resources/kubord-ss-2017	n/a, n/a	
https://hdl.handle.net/10794/668	https://spraakbanken.gu.se/en/resources/kubord-ss-2018	n/a, n/a	
https://hdl.handle.net/10794/669	https://spraakbanken.gu.se/en/resources/kubord-ss-2019	n/a, n/a	
https://hdl.handle.net/10794/670	https://spraakbanken.gu.se/en/resources/kubord-ss-2020	n/a, n/a	
https://hdl.handle.net/10794/671	https://spraakbanken.gu.se/en/resources/kubord-ss-2021	n/a, n/a	
https://hdl.handle.net/10794/672	https://spraakbanken.gu.se/en/resources/kubord-svd-2010	n/a, n/a	
https://hdl.handle.net/10794/673	https://spraakbanken.gu.se/en/resources/kubord-svd-2011	n/a, n/a	
https://hdl.handle.net/10794/674	https://spraakbanken.gu.se/en/resources/kubord-svd-2012	n/a, n/a	
https://hdl.handle.net/10794/675	https://spraakbanken.gu.se/en/resources/kubord-svd-2013	n/a, n/a	
https://hdl.handle.net/10794/676	https://spraakbanken.gu.se/en/resources/kubord-svd-2014	n/a, n/a	
https://hdl.handle.net/10794/677	https://spraakbanken.gu.se/en/resources/kubord-svd-2015	n/a, n/a	
https://hdl.handle.net/10794/678	https://spraakbanken.gu.se/en/resources/kubord-svd-2016	n/a, n/a	
https://hdl.handle.net/10794/679	https://spraakbanken.gu.se/en/resources/kubord-svd-2017	n/a, n/a	
https://hdl.handle.net/10794/680	https://spraakbanken.gu.se/en/resources/kubord-svd-2018	n/a, n/a	
https://hdl.handle.net/10794/681	https://spraakbanken.gu.se/en/resources/kubord-svd-2019	n/a, n/a	
https://hdl.handle.net/10794/682	https://spraakbanken.gu.se/en/resources/kubord-svd-2020	n/a, n/a	
https://hdl.handle.net/10794/683	https://spraakbanken.gu.se/en/resources/kubord-svd-2021	n/a, n/a	
https://hdl.handle.net/10794/684	https://spraakbanken.gu.se/en/resources/kvah	n/a, n/a	
https://hdl.handle.net/10794/685	https://spraakbanken.gu.se/en/resources/lag1800	n/a, n/a	
https://hdl.handle.net/10794/686	https://spraakbanken.gu.se/en/resources/lagtexter	n/a, n/a	
https://hdl.handle.net/10794/687	https://spraakbanken.gu.se/en/resources/landtmannen	n/a, n/a	
https://hdl.handle.net/10794/688	https://spraakbanken.gu.se/en/resources/lawline	n/a, n/a	
https://hdl.handle.net/10794/689	https://spraakbanken.gu.se/en/resources/lb	n/a, n/a	https://hdl.handle.net/10794/912
https://hdl.handle.net/10794/690	https://spraakbanken.gu.se/en/resources/litterartidskrift-helsingfors	n/a, n/a	
https://hdl.handle.net/10794/691	https://spraakbanken.gu.se/en/resources/lsi	n/a, n/a	
https://hdl.handle.net/10794/692	https://spraakbanken.gu.se/en/resources/lt1996	n/a, n/a	
https://hdl.handle.net/10794/693	https://spraakbanken.gu.se/en/resources/lt1997	n/a, n/a	
https://hdl.handle.net/10794/694	https://spraakbanken.gu.se/en/resources/lt1998	n/a, n/a	
https://hdl.handle.net/10794/695	https://spraakbanken.gu.se/en/resources/lt1999	n/a, n/a	
https://hdl.handle.net/10794/696	https://spraakbanken.gu.se/en/resources/lt2000	n/a, n/a	
https://hdl.handle.net/10794/697	https://spraakbanken.gu.se/en/resources/lt2001	n/a, n/a	
https://hdl.handle.net/10794/698	https://spraakbanken.gu.se/en/resources/lt2002	n/a, n/a	
https://hdl.handle.net/10794/699	https://spraakbanken.gu.se/en/resources/lt2003	n/a, n/a	
https://hdl.handle.net/10794/700	https://spraakbanken.gu.se/en/resources/lt2004	n/a, n/a	
https://hdl.handle.net/10794/701	https://spraakbanken.gu.se/en/resources/lt2005	n/a, n/a	
https://hdl.handle.net/10794/702	https://spraakbanken.gu.se/en/resources/lt2006	n/a, n/a	
https://hdl.handle.net/10794/703	https://spraakbanken.gu.se/en/resources/magmakolumner	n/a, n/a	
https://hdl.handle.net/10794/704	https://spraakbanken.gu.se/resurser/mathir-trad	n/a, n/a	
https://hdl.handle.net/10794/705	https://spraakbanken.gu.se/en/resources/meddelanden	n/a, n/a	
https://hdl.handle.net/10794/706	https://spraakbanken.gu.se/en/resources/moderntdv	n/a, n/a	
https://hdl.handle.net/10794/707	https://spraakbanken.gu.se/en/resources/myndighet	n/a, n/a	
https://hdl.handle.net/10794/708	https://spraakbanken.gu.se/en/resources/nyaargus	n/a, n/a	
https://hdl.handle.net/10794/709	https://spraakbanken.gu.se/en/resources/one71	n/a, n/a	
https://hdl.handle.net/10794/710	https://spraakbanken.gu.se/en/resources/openedges	Bouma, Gerlof;Coussé, Evie;Dijkstra, Trude;van der Sijs, Nicoline	
https://hdl.handle.net/10794/711	https://spraakbanken.gu.se/en/resources/ordat	n/a, n/a	
https://hdl.handle.net/10794/712	https://spraakbanken.gu.se/en/resources/osterbottenstidning2011	n/a, n/a	
https://hdl.handle.net/10794/713	https://spraakbanken.gu.se/en/resources/osterbottenstidning2012	n/a, n/a	
https://hdl.handle.net/10794/714	https://spraakbanken.gu.se/en/resources/osterbottenstidning2013	n/a, n/a	
https://hdl.handle.net/10794/715	https://spraakbanken.gu.se/en/resources/osterbottenstidning2014	n/a, n/a	
https://hdl.handle.net/10794/716	https://spraakbanken.gu.se/en/resources/ostranyland	n/a, n/a	
https://hdl.handle.net/10794/717	https://spraakbanken.gu.se/en/resources/pargaskungorelser2011	n/a, n/a	
https://hdl.handle.net/10794/718	https://spraakbanken.gu.se/en/resources/pargaskungorelser2012	n/a, n/a	
https://hdl.handle.net/10794/719	https://spraakbanken.gu.se/en/resources/parole	n/a, n/a	
https://hdl.handle.net/10794/720	https://spraakbanken.gu.se/en/resources/pe77	n/a, n/a	
https://hdl.handle.net/10794/721	https://spraakbanken.gu.se/en/resources/podiet	n/a, n/a	
https://hdl.handle.net/10794/722	https://spraakbanken.gu.se/en/resources/press65	n/a, n/a	
https://hdl.handle.net/10794/723	https://spraakbanken.gu.se/en/resources/press76	n/a, n/a	
https://hdl.handle.net/10794/724	https://spraakbanken.gu.se/en/resources/press95	n/a, n/a	
https://hdl.handle.net/10794/725	https://spraakbanken.gu.se/en/resources/press96	n/a, n/a	
https://hdl.handle.net/10794/726	https://spraakbanken.gu.se/en/resources/press97	n/a, n/a	
https://hdl.handle.net/10794/727	https://spraakbanken.gu.se/en/resources/press98	n/a, n/a	
https://hdl.handle.net/10794/728	https://spraakbanken.gu.se/en/resources/propositioner	n/a, n/a	
https://hdl.handle.net/10794/729	https://spraakbanken.gu.se/en/resources/psalmboken	n/a, n/a	
https://hdl.handle.net/10794/730	https://spraakbanken.gu.se/en/resources/rd-anf-1993-2018	n/a, n/a	
https://hdl.handle.net/10794/731	https://spraakbanken.gu.se/en/resources/rd-bet	n/a, n/a	
https://hdl.handle.net/10794/732	https://spraakbanken.gu.se/en/resources/rd-ds	n/a, n/a	
https://hdl.handle.net/10794/733	https://spraakbanken.gu.se/en/resources/rd-eun	n/a, n/a	
https://hdl.handle.net/10794/734	https://spraakbanken.gu.se/en/resources/rd-flista	n/a, n/a	
https://hdl.handle.net/10794/735	https://spraakbanken.gu.se/en/resources/rd-fpm	n/a, n/a	
https://hdl.handle.net/10794/736	https://spraakbanken.gu.se/en/resources/rd-frsrdg	n/a, n/a	
https://hdl.handle.net/10794/737	https://spraakbanken.gu.se/en/resources/rd-ip	n/a, n/a	
https://hdl.handle.net/10794/738	https://spraakbanken.gu.se/en/resources/rd-kammakt	n/a, n/a	
https://hdl.handle.net/10794/739	https://spraakbanken.gu.se/en/resources/rd-kom	n/a, n/a	
https://hdl.handle.net/10794/740	https://spraakbanken.gu.se/en/resources/rd-mot	n/a, n/a	
https://hdl.handle.net/10794/741	https://spraakbanken.gu.se/en/resources/rd-ovr	n/a, n/a	
https://hdl.handle.net/10794/742	https://spraakbanken.gu.se/en/resources/rd-prop	n/a, n/a	
https://hdl.handle.net/10794/743	https://spraakbanken.gu.se/en/resources/rd-prot	n/a, n/a	
https://hdl.handle.net/10794/744	https://spraakbanken.gu.se/en/resources/rd-rskr	n/a, n/a	
https://hdl.handle.net/10794/745	https://spraakbanken.gu.se/en/resources/rd-samtr	n/a, n/a	
https://hdl.handle.net/10794/746	https://spraakbanken.gu.se/en/resources/rd-skfr	n/a, n/a	
https://hdl.handle.net/10794/747	https://spraakbanken.gu.se/en/resources/rd-sou	n/a, n/a	
https://hdl.handle.net/10794/748	https://spraakbanken.gu.se/en/resources/rd-tlista	n/a, n/a	
https://hdl.handle.net/10794/749	https://spraakbanken.gu.se/en/resources/rd-utr	n/a, n/a	
https://hdl.handle.net/10794/750	https://spraakbanken.gu.se/en/resources/rd-utsk	n/a, n/a	
https://hdl.handle.net/10794/751	https://spraakbanken.gu.se/en/resources/rd-yttr	n/a, n/a	
https://hdl.handle.net/10794/752	https://spraakbanken.gu.se/en/resources/rom99	n/a, n/a	
https://hdl.handle.net/10794/753	https://spraakbanken.gu.se/en/resources/romg	n/a, n/a	
https://hdl.handle.net/10794/754	https://spraakbanken.gu.se/en/resources/runeberg-biblblad	n/a, n/a	https://hdl.handle.net/10794/87
https://hdl.handle.net/10794/755	https://spraakbanken.gu.se/en/resources/runeberg-diverse	n/a, n/a	
https://hdl.handle.net/10794/756	https://spraakbanken.gu.se/en/resources/runeberg-folkbbl	n/a, n/a	
https://hdl.handle.net/10794/757	https://spraakbanken.gu.se/en/resources/runeberg-rost	n/a, n/a	
https://hdl.handle.net/10794/758	https://spraakbanken.gu.se/en/resources/runeberg-svtidskr	n/a, n/a	
https://hdl.handle.net/10794/759	https://spraakbanken.gu.se/en/resources/runeberg-tiden	n/a, n/a	
https://hdl.handle.net/10794/760	https://spraakbanken.gu.se/en/resources/runeberg-urdagkron	n/a, n/a	
https://hdl.handle.net/10794/761	https://spraakbanken.gu.se/en/resources/sakprosa1700-1749	n/a, n/a	
https://hdl.handle.net/10794/762	https://spraakbanken.gu.se/en/resources/sakprosa1750-1799	n/a, n/a	
https://hdl.handle.net/10794/763	https://spraakbanken.gu.se/en/resources/sakprosa1800-1849	n/a, n/a	
https://hdl.handle.net/10794/764	https://spraakbanken.gu.se/en/resources/sakprosa1850-1899	n/a, n/a	
https://hdl.handle.net/10794/765	https://spraakbanken.gu.se/en/resources/sakprosa1900-1959	n/a, n/a	
https://hdl.handle.net/10794/766	https://spraakbanken.gu.se/en/resources/saltnld	n/a, n/a	
https://hdl.handle.net/10794/767	https://spraakbanken.gu.se/en/resources/sdhk-latin	n/a, n/a	
https://hdl.handle.net/10794/768	https://spraakbanken.gu.se/en/resources/sdhk-norska	n/a, n/a	
https://hdl.handle.net/10794/769	https://spraakbanken.gu.se/en/resources/sdhk-ovrigt	n/a, n/a	
https://hdl.handle.net/10794/770	https://spraakbanken.gu.se/en/resources/sdhk-svenska	n/a, n/a	
https://hdl.handle.net/10794/771	https://spraakbanken.gu.se/en/resources/sdhk-tyska	n/a, n/a	
https://hdl.handle.net/10794/772	https://spraakbanken.gu.se/en/resources/lexsemchange	n/a, n/a	
https://hdl.handle.net/10794/773	https://spraakbanken.gu.se/en/resources/semeval2020	n/a, n/a	
https://hdl.handle.net/10794/774	https://spraakbanken.gu.se/en/resources/sfs	n/a, n/a	
https://hdl.handle.net/10794/775	https://spraakbanken.gu.se/en/resources/siberiangermandialogs	n/a, n/a	
https://hdl.handle.net/10794/776	https://spraakbanken.gu.se/en/resources/siberiangermanwomen	n/a, n/a	
https://hdl.handle.net/10794/777	https://spraakbanken.gu.se/en/resources/sic2	n/a, n/a	
https://hdl.handle.net/10794/778	https://spraakbanken.gu.se/en/resources/smittskydd	n/a, n/a	
https://hdl.handle.net/10794/779	https://spraakbanken.gu.se/en/resources/snp7879	n/a, n/a	
https://hdl.handle.net/10794/780	https://spraakbanken.gu.se/en/resources/soexempel	n/a, n/a	
https://hdl.handle.net/10794/781	https://spraakbanken.gu.se/en/resources/somali-1993-94	n/a, n/a	
https://hdl.handle.net/10794/782	https://spraakbanken.gu.se/en/resources/somali-ah-2010-19	n/a, n/a	
https://hdl.handle.net/10794/783	https://spraakbanken.gu.se/en/resources/somali-as-2001	n/a, n/a	
https://hdl.handle.net/10794/784	https://spraakbanken.gu.se/en/resources/somali-as-2016	n/a, n/a	
https://hdl.handle.net/10794/785	https://spraakbanken.gu.se/en/resources/somali-caafimaad-1972-79	n/a, n/a	
https://hdl.handle.net/10794/786	https://spraakbanken.gu.se/en/resources/somali-cb-2001-03-soomaaliya	n/a, n/a	
https://hdl.handle.net/10794/787	https://spraakbanken.gu.se/en/resources/somali-cb-2016	n/a, n/a	
https://hdl.handle.net/10794/788	https://spraakbanken.gu.se/en/resources/somali-kqa	n/a, n/a	
https://hdl.handle.net/10794/789	https://spraakbanken.gu.se/en/resources/somali-mk-1972-79	n/a, n/a	
https://hdl.handle.net/10794/790	https://spraakbanken.gu.se/en/resources/somali-radioden2014	n/a, n/a	
https://hdl.handle.net/10794/791	https://spraakbanken.gu.se/en/resources/somali-radioswe2014	n/a, n/a	
https://hdl.handle.net/10794/792	https://spraakbanken.gu.se/en/resources/somali-saynis-1980-89	n/a, n/a	
https://hdl.handle.net/10794/793	https://spraakbanken.gu.se/en/resources/somali-sheekooyin-carruureed	n/a, n/a	
https://hdl.handle.net/10794/794	https://spraakbanken.gu.se/en/resources/somali-sheekooying	n/a, n/a	
https://hdl.handle.net/10794/795	https://spraakbanken.gu.se/en/resources/somali-sheekooyin	n/a, n/a	
https://hdl.handle.net/10794/796	https://spraakbanken.gu.se/en/resources/somali-suugaan2	n/a, n/a	
https://hdl.handle.net/10794/797	https://spraakbanken.gu.se/en/resources/somali-suugaan-turjuman	n/a, n/a	
https://hdl.handle.net/10794/798	https://spraakbanken.gu.se/en/resources/somali-suugaan	n/a, n/a	
https://hdl.handle.net/10794/799	https://spraakbanken.gu.se/en/resources/somali-tid-turjuman	n/a, n/a	
https://hdl.handle.net/10794/800	https://spraakbanken.gu.se/en/resources/somali-xisaab-2001-nayroobi	n/a, n/a	
https://hdl.handle.net/10794/801	https://spraakbanken.gu.se/en/resources/somali-xisaab-2016-somaliland	n/a, n/a	
https://hdl.handle.net/10794/802	https://spraakbanken.gu.se/en/resources/sou	n/a, n/a	
https://hdl.handle.net/10794/803	https://spraakbanken.gu.se/en/resources/spanskaflugan	n/a, n/a	
https://hdl.handle.net/10794/804	https://spraakbanken.gu.se/en/resources/spf	n/a, n/a	
https://hdl.handle.net/10794/805	https://spraakbanken.gu.se/en/resources/frageladan	n/a, n/a	
https://hdl.handle.net/10794/806	https://spraakbanken.gu.se/en/resources/storsuc	n/a, n/a	
https://hdl.handle.net/10794/807	https://spraakbanken.gu.se/en/resources/strindbergbrev	Kerstin Dahlbäck	
https://hdl.handle.net/10794/808	https://spraakbanken.gu.se/en/resources/strindbergromaner	n/a, n/a	
https://hdl.handle.net/10794/809	https://spraakbanken.gu.se/en/resources/studentbladet	n/a, n/a	
https://hdl.handle.net/10794/810	https://spraakbanken.gu.se/en/resources/suc2	n/a, n/a	
https://hdl.handle.net/10794/811	https://spraakbanken.gu.se/en/resources/suc3	n/a, n/a	
https://hdl.handle.net/10794/812	https://spraakbanken.gu.se/en/resources/sucx2	n/a, n/a	
https://hdl.handle.net/10794/813	https://spraakbanken.gu.se/en/resources/sucx3	n/a, n/a	
https://hdl.handle.net/10794/814	https://spraakbanken.gu.se/en/resources/supersim-superlim	Hengchen, Simon;Tahmasebi, Nina	
https://hdl.handle.net/10794/815	https://spraakbanken.gu.se/en/resources/sv-covid-19	n/a, n/a	
https://hdl.handle.net/10794/816	https://spraakbanken.gu.se/en/resources/svenska-tidningar-1818-1870	n/a, n/a	
https://hdl.handle.net/10794/817	https://spraakbanken.gu.se/en/resources/svenska-tidningar-1871-1906	n/a, n/a	
https://hdl.handle.net/10794/818	https://spraakbanken.gu.se/en/resources/svenskbygden	n/a, n/a	
https://hdl.handle.net/10794/819	https://spraakbanken.gu.se/en/resources/svensk-fraktur-1626-1816	n/a, n/a	
https://hdl.handle.net/10794/820	https://spraakbanken.gu.se/en/resources/svt-2004	n/a, n/a	
https://hdl.handle.net/10794/821	https://spraakbanken.gu.se/en/resources/svt-2005	n/a, n/a	
https://hdl.handle.net/10794/822	https://spraakbanken.gu.se/en/resources/svt-2006	n/a, n/a	
https://hdl.handle.net/10794/823	https://spraakbanken.gu.se/en/resources/svt-2007	n/a, n/a	
https://hdl.handle.net/10794/824	https://spraakbanken.gu.se/en/resources/svt-2008	n/a, n/a	
https://hdl.handle.net/10794/825	https://spraakbanken.gu.se/en/resources/svt-2009	n/a, n/a	
https://hdl.handle.net/10794/826	https://spraakbanken.gu.se/en/resources/svt-2010	n/a, n/a	
https://hdl.handle.net/10794/827	https://spraakbanken.gu.se/en/resources/svt-2011	n/a, n/a	
https://hdl.handle.net/10794/828	https://spraakbanken.gu.se/en/resources/svt-2012	n/a, n/a	
https://hdl.handle.net/10794/829	https://spraakbanken.gu.se/en/resources/svt-2013	n/a, n/a	
https://hdl.handle.net/10794/830	https://spraakbanken.gu.se/en/resources/svt-2014	n/a, n/a	
https://hdl.handle.net/10794/831	https://spraakbanken.gu.se/en/resources/svt-2015	n/a, n/a	
https://hdl.handle.net/10794/832	https://spraakbanken.gu.se/en/resources/svt-2016	n/a, n/a	
https://hdl.handle.net/10794/833	https://spraakbanken.gu.se/en/resources/svt-2017	n/a, n/a	
https://hdl.handle.net/10794/834	https://spraakbanken.gu.se/en/resources/svt-2018	n/a, n/a	
https://hdl.handle.net/10794/835	https://spraakbanken.gu.se/en/resources/svt-2019	n/a, n/a	
https://hdl.handle.net/10794/836	https://spraakbanken.gu.se/en/resources/svt-2020	n/a, n/a	
https://hdl.handle.net/10794/837	https://spraakbanken.gu.se/en/resources/svt-2021	n/a, n/a	
https://hdl.handle.net/10794/838	https://spraakbanken.gu.se/en/resources/svt-2022	n/a, n/a	
https://hdl.handle.net/10794/839	https://spraakbanken.gu.se/en/resources/svt-nodate	n/a, n/a	
https://hdl.handle.net/10794/840	https://spraakbanken.gu.se/en/resources/sv-treebank	n/a, n/a	
https://hdl.handle.net/10794/841	https://spraakbanken.gu.se/en/resources/sw1203	n/a, n/a	
https://hdl.handle.net/10794/842	https://spraakbanken.gu.se/en/resources/swe-absa-bank	n/a, n/a	
https://hdl.handle.net/10794/843	https://spraakbanken.gu.se/en/resources/swediagnostics	n/a, n/a	
https://hdl.handle.net/10794/844	https://spraakbanken.gu.se/en/resources/swefn-ex	n/a, n/a	
https://hdl.handle.net/10794/845	https://spraakbanken.gu.se/en/resources/swefracas	n/a, n/a	
https://hdl.handle.net/10794/846	https://spraakbanken.gu.se/en/resources/swell-gold	n/a, n/a	
https://hdl.handle.net/10794/847	https://spraakbanken.gu.se/en/resources/swell-pilot	n/a, n/a	
https://hdl.handle.net/10794/848	https://spraakbanken.gu.se/en/resources/sweparaphrase	n/a, n/a	
https://hdl.handle.net/10794/849	https://spraakbanken.gu.se/en/resources/swewic	n/a, n/a	
https://hdl.handle.net/10794/850	https://spraakbanken.gu.se/en/resources/swewinogender	Adesam, Yvonne;Bouma, Gerlof	
https://hdl.handle.net/10794/851	https://spraakbanken.gu.se/en/resources/swewinogender	Adesam, Yvonne;Bouma, Gerlof	
https://hdl.handle.net/10794/852	https://spraakbanken.gu.se/en/resources/sydosterbotten2010	n/a, n/a	
https://hdl.handle.net/10794/853	https://spraakbanken.gu.se/en/resources/sydosterbotten2011	n/a, n/a	
https://hdl.handle.net/10794/854	https://spraakbanken.gu.se/en/resources/sydosterbotten2012	n/a, n/a	
https://hdl.handle.net/10794/855	https://spraakbanken.gu.se/en/resources/sydosterbotten2013	n/a, n/a	
https://hdl.handle.net/10794/856	https://spraakbanken.gu.se/en/resources/sydosterbotten2014	n/a, n/a	
https://hdl.handle.net/10794/857	https://spraakbanken.gu.se/en/resources/syntag	n/a, n/a	
https://hdl.handle.net/10794/858	https://spraakbanken.gu.se/en/resources/talbanken-stb	n/a, n/a	
https://hdl.handle.net/10794/859	https://spraakbanken.gu.se/en/resources/talbanken	n/a, n/a	
https://hdl.handle.net/10794/860	https://spraakbanken.gu.se/en/resources/tankebok	n/a, n/a	
https://hdl.handle.net/10794/861	https://spraakbanken.gu.se/en/resources/tidningarsallskapetiabo	n/a, n/a	
https://hdl.handle.net/10794/862	https://spraakbanken.gu.se/en/resources/tisus	n/a, n/a	
https://hdl.handle.net/10794/863	https://spraakbanken.gu.se/en/resources/twitter-2015	n/a, n/a	
https://hdl.handle.net/10794/864	https://spraakbanken.gu.se/en/resources/twitter-2016	n/a, n/a	
https://hdl.handle.net/10794/865	https://spraakbanken.gu.se/en/resources/twitter-2017	n/a, n/a	
https://hdl.handle.net/10794/866	https://spraakbanken.gu.se/en/resources/twitter-pldebatt-130612	n/a, n/a	
https://hdl.handle.net/10794/867	https://spraakbanken.gu.se/en/resources/twitter-pldebatt-131006	n/a, n/a	
https://hdl.handle.net/10794/868	https://spraakbanken.gu.se/en/resources/twitter-pldebatt-140504	n/a, n/a	
https://hdl.handle.net/10794/869	https://spraakbanken.gu.se/en/resources/twitter	n/a, n/a	
https://hdl.handle.net/10794/870	https://spraakbanken.gu.se/en/resources/typografisktminnesblad	n/a, n/a	
https://hdl.handle.net/10794/871	https://spraakbanken.gu.se/en/resources/typograftidning	n/a, n/a	
https://hdl.handle.net/10794/872	https://spraakbanken.gu.se/en/resources/ub-kvt-dagny	n/a, n/a	
https://hdl.handle.net/10794/873	https://spraakbanken.gu.se/en/resources/ub-kvt-hertha	n/a, n/a	
https://hdl.handle.net/10794/874	https://spraakbanken.gu.se/en/resources/ub-kvt-idun	n/a, n/a	
https://hdl.handle.net/10794/875	https://spraakbanken.gu.se/en/resources/ub-kvt-kvt	n/a, n/a	
https://hdl.handle.net/10794/876	https://spraakbanken.gu.se/en/resources/ub-kvt-morgonbris	n/a, n/a	
https://hdl.handle.net/10794/877	https://spraakbanken.gu.se/en/resources/ub-kvt-rostratt	n/a, n/a	
https://hdl.handle.net/10794/878	https://spraakbanken.gu.se/en/resources/ub-kvt-tidevarvet	n/a, n/a	
https://hdl.handle.net/10794/879	https://spraakbanken.gu.se/en/resources/uleaborgstidning	n/a, n/a	
https://hdl.handle.net/10794/880	https://spraakbanken.gu.se/en/resources/ungdomslitteratur	n/a, n/a	
https://hdl.handle.net/10794/881	https://spraakbanken.gu.se/en/resources/vasabibel-nt	n/a, n/a	
https://hdl.handle.net/10794/882	https://spraakbanken.gu.se/en/resources/vasabladet1991	n/a, n/a	
https://hdl.handle.net/10794/883	https://spraakbanken.gu.se/en/resources/vasabladet2012	n/a, n/a	
https://hdl.handle.net/10794/884	https://spraakbanken.gu.se/en/resources/vasabladet2013	n/a, n/a	
https://hdl.handle.net/10794/885	https://spraakbanken.gu.se/en/resources/vasabladet2014	n/a, n/a	
https://hdl.handle.net/10794/886	https://spraakbanken.gu.se/en/resources/vasabrev	n/a, n/a	
https://hdl.handle.net/10794/887	https://spraakbanken.gu.se/en/resources/vastranyland	n/a, n/a	
https://hdl.handle.net/10794/888	https://spraakbanken.gu.se/en/resources/vivill	n/a, n/a	
https://hdl.handle.net/10794/889	https://spraakbanken.gu.se/en/resources/wasabladet	n/a, n/a	
https://hdl.handle.net/10794/890	https://spraakbanken.gu.se/en/resources/webbnyheter2001	n/a, n/a	
https://hdl.handle.net/10794/891	https://spraakbanken.gu.se/en/resources/webbnyheter2002	n/a, n/a	
https://hdl.handle.net/10794/892	https://spraakbanken.gu.se/en/resources/webbnyheter2003	n/a, n/a	
https://hdl.handle.net/10794/893	https://spraakbanken.gu.se/en/resources/webbnyheter2004	n/a, n/a	
https://hdl.handle.net/10794/894	https://spraakbanken.gu.se/en/resources/webbnyheter2005	n/a, n/a	
https://hdl.handle.net/10794/895	https://spraakbanken.gu.se/en/resources/webbnyheter2006	n/a, n/a	
https://hdl.handle.net/10794/896	https://spraakbanken.gu.se/en/resources/webbnyheter2007	n/a, n/a	
https://hdl.handle.net/10794/897	https://spraakbanken.gu.se/en/resources/webbnyheter2008	n/a, n/a	
https://hdl.handle.net/10794/898	https://spraakbanken.gu.se/en/resources/webbnyheter2009	n/a, n/a	
https://hdl.handle.net/10794/899	https://spraakbanken.gu.se/en/resources/webbnyheter2010	n/a, n/a	
https://hdl.handle.net/10794/900	https://spraakbanken.gu.se/en/resources/webbnyheter2011	n/a, n/a	
https://hdl.handle.net/10794/901	https://spraakbanken.gu.se/en/resources/webbnyheter2012	n/a, n/a	
https://hdl.handle.net/10794/902	https://spraakbanken.gu.se/en/resources/webbnyheter2013	n/a, n/a	
https://hdl.handle.net/10794/903	https://spraakbanken.gu.se/en/resources/wiborgstidning	n/a, n/a	
https://hdl.handle.net/10794/904	https://spraakbanken.gu.se/en/resources/wikipedia-so	n/a, n/a	
https://hdl.handle.net/10794/905	https://spraakbanken.gu.se/swe/forskning/infrastruktur/korp/citatkorpusar	n/a, n/a	
https://hdl.handle.net/10794/906	https://spraakbanken.gu.se/en/resources/wordreference	n/a, n/a	
https://hdl.handle.net/10794/912	https://spraakbanken.gu.se/en/resources/lb-open	n/a, n/a	https://hdl.handle.net/10794/689
